-- phpMyAdmin SQL Dump
-- version 5.2.1
-- https://www.phpmyadmin.net/
--
-- Host: 127.0.0.1
-- Generation Time: Oct 02, 2023 at 02:42 PM
-- Server version: 10.4.28-MariaDB
-- PHP Version: 8.2.4

SET SQL_MODE = "NO_AUTO_VALUE_ON_ZERO";
START TRANSACTION;
SET time_zone = "+00:00";


/*!40101 SET @OLD_CHARACTER_SET_CLIENT=@@CHARACTER_SET_CLIENT */;
/*!40101 SET @OLD_CHARACTER_SET_RESULTS=@@CHARACTER_SET_RESULTS */;
/*!40101 SET @OLD_COLLATION_CONNECTION=@@COLLATION_CONNECTION */;
/*!40101 SET NAMES utf8mb4 */;

--
-- Database: `radhakrishnahotel`
--

-- --------------------------------------------------------

--
-- Table structure for table `failed_jobs`
--

CREATE TABLE `failed_jobs` (
  `id` bigint(20) UNSIGNED NOT NULL,
  `uuid` varchar(255) NOT NULL,
  `connection` text NOT NULL,
  `queue` text NOT NULL,
  `payload` longtext NOT NULL,
  `exception` longtext NOT NULL,
  `failed_at` timestamp NOT NULL DEFAULT current_timestamp()
) ENGINE=InnoDB DEFAULT CHARSET=utf8mb4 COLLATE=utf8mb4_unicode_ci;

-- --------------------------------------------------------

--
-- Table structure for table `migrations`
--

CREATE TABLE `migrations` (
  `id` int(10) UNSIGNED NOT NULL,
  `migration` varchar(255) NOT NULL,
  `batch` int(11) NOT NULL
) ENGINE=InnoDB DEFAULT CHARSET=utf8mb4 COLLATE=utf8mb4_unicode_ci;

--
-- Dumping data for table `migrations`
--

INSERT INTO `migrations` (`id`, `migration`, `batch`) VALUES
(1, '2014_10_12_000000_create_users_table', 1),
(2, '2014_10_12_100000_create_password_reset_tokens_table', 1),
(3, '2019_08_19_000000_create_failed_jobs_table', 1),
(4, '2019_12_14_000001_create_personal_access_tokens_table', 1),
(5, '2023_10_02_104834_create_products_table', 1),
(6, '2023_10_02_104922_create_reviews_table', 1);

-- --------------------------------------------------------

--
-- Table structure for table `password_reset_tokens`
--

CREATE TABLE `password_reset_tokens` (
  `email` varchar(255) NOT NULL,
  `token` varchar(255) NOT NULL,
  `created_at` timestamp NULL DEFAULT NULL
) ENGINE=InnoDB DEFAULT CHARSET=utf8mb4 COLLATE=utf8mb4_unicode_ci;

-- --------------------------------------------------------

--
-- Table structure for table `personal_access_tokens`
--

CREATE TABLE `personal_access_tokens` (
  `id` bigint(20) UNSIGNED NOT NULL,
  `tokenable_type` varchar(255) NOT NULL,
  `tokenable_id` bigint(20) UNSIGNED NOT NULL,
  `name` varchar(255) NOT NULL,
  `token` varchar(64) NOT NULL,
  `abilities` text DEFAULT NULL,
  `last_used_at` timestamp NULL DEFAULT NULL,
  `expires_at` timestamp NULL DEFAULT NULL,
  `created_at` timestamp NULL DEFAULT NULL,
  `updated_at` timestamp NULL DEFAULT NULL
) ENGINE=InnoDB DEFAULT CHARSET=utf8mb4 COLLATE=utf8mb4_unicode_ci;

-- --------------------------------------------------------

--
-- Table structure for table `products`
--

CREATE TABLE `products` (
  `id` bigint(20) UNSIGNED NOT NULL,
  `name` varchar(255) NOT NULL,
  `details` text NOT NULL,
  `price` int(11) NOT NULL,
  `stock` int(11) NOT NULL,
  `discount` int(11) NOT NULL,
  `created_at` timestamp NULL DEFAULT NULL,
  `updated_at` timestamp NULL DEFAULT NULL
) ENGINE=InnoDB DEFAULT CHARSET=utf8mb4 COLLATE=utf8mb4_unicode_ci;

--
-- Dumping data for table `products`
--

INSERT INTO `products` (`id`, `name`, `details`, `price`, `stock`, `discount`, `created_at`, `updated_at`) VALUES
(1, 'atque', 'Praesentium aut in et. Ipsa et a ut magni consequuntur. Laboriosam ab similique ullam sit libero enim ut.', 743, 6, 7, '2023-10-02 07:06:40', '2023-10-02 07:06:40'),
(2, 'in', 'Est dolores aperiam ab cumque. Ut ut minus ut molestiae dolorum accusantium dolor tempore. Et et autem quia et delectus nisi excepturi.', 309, 5, 8, '2023-10-02 07:06:40', '2023-10-02 07:06:40'),
(3, 'voluptatem', 'Qui provident illo ipsam. Quia voluptates non quam dolores. Quia eos et dicta.', 523, 2, 23, '2023-10-02 07:06:40', '2023-10-02 07:06:40'),
(4, 'error', 'Dignissimos quos aliquam doloremque ea ad quasi a. Omnis molestias qui unde quia rerum.', 199, 8, 22, '2023-10-02 07:06:40', '2023-10-02 07:06:40'),
(5, 'aut', 'Doloribus ad ipsam qui id exercitationem natus. Beatae cupiditate sequi eaque maiores quo omnis qui et. Possimus voluptatibus quia et quia. Aut dolorum tempore quibusdam ut. Dolor eligendi sunt alias et officiis.', 562, 8, 21, '2023-10-02 07:06:40', '2023-10-02 07:06:40'),
(6, 'nesciunt', 'Enim perferendis suscipit rerum et. Illo recusandae totam dolore autem labore placeat natus. Earum quo deleniti quo accusantium harum voluptate.', 449, 9, 26, '2023-10-02 07:06:40', '2023-10-02 07:06:40'),
(7, 'magnam', 'Dolore recusandae ut dolores deleniti. Eos voluptatem ut dolorem velit distinctio voluptas. Est rerum voluptatem voluptatum quia consequatur ullam omnis. Soluta maxime consequatur sed aliquam voluptatem similique et ad.', 116, 4, 3, '2023-10-02 07:06:40', '2023-10-02 07:06:40'),
(8, 'aut', 'A ut consequatur laudantium sequi quod. Enim aspernatur consequuntur magnam consequatur aut nesciunt alias expedita.', 334, 4, 22, '2023-10-02 07:06:40', '2023-10-02 07:06:40'),
(9, 'consequuntur', 'Voluptatem ut quae error maiores. Sed necessitatibus inventore explicabo placeat omnis nihil magnam.', 740, 6, 12, '2023-10-02 07:06:40', '2023-10-02 07:06:40'),
(10, 'possimus', 'Autem dignissimos qui ut est ut sequi voluptatem. Ut ad dicta eveniet esse aspernatur ut.', 673, 1, 24, '2023-10-02 07:06:40', '2023-10-02 07:06:40'),
(11, 'et', 'Fugiat officiis aliquam fugiat fugiat numquam et omnis. Repellat ullam sapiente quasi esse ipsam commodi soluta. Reprehenderit corporis libero atque quo dolores laudantium libero voluptatum. Iste nostrum eveniet dolore quo itaque. Aut vel quo impedit maxime aliquam fuga velit.', 553, 9, 29, '2023-10-02 07:06:40', '2023-10-02 07:06:40'),
(12, 'rem', 'Est minus soluta et odio rerum ipsa. Sunt dolores natus aut est est veniam. Libero eligendi suscipit incidunt ut sunt.', 722, 4, 11, '2023-10-02 07:06:40', '2023-10-02 07:06:40'),
(13, 'ducimus', 'Soluta in et totam alias quos iusto consectetur. Amet perferendis quis delectus consequatur est a. Qui dolor accusantium eligendi et nesciunt numquam corrupti. Dolorum cupiditate pariatur quia reprehenderit.', 487, 1, 24, '2023-10-02 07:06:40', '2023-10-02 07:06:40'),
(14, 'vel', 'Quidem nulla a amet itaque. Molestiae aliquam quia expedita omnis vel. Mollitia magni sequi et debitis. Ut non autem qui illum aspernatur sit natus.', 746, 5, 22, '2023-10-02 07:06:40', '2023-10-02 07:06:40'),
(15, 'sit', 'Facere illo illo rerum accusantium. A distinctio ut expedita eligendi qui nostrum. Laudantium quia quia molestiae. Inventore tenetur aliquid molestiae nostrum.', 266, 2, 19, '2023-10-02 07:06:40', '2023-10-02 07:06:40'),
(16, 'non', 'Debitis in quibusdam mollitia animi. Nesciunt doloribus similique sed iure facere quidem. Eos recusandae et sint quis. Quaerat commodi quam officia.', 515, 2, 20, '2023-10-02 07:06:40', '2023-10-02 07:06:40'),
(17, 'repellat', 'Rerum nostrum pariatur sit. Molestiae iste modi dignissimos consectetur placeat itaque. Quam praesentium dicta veritatis maxime ad.', 878, 5, 19, '2023-10-02 07:06:40', '2023-10-02 07:06:40'),
(18, 'voluptas', 'Suscipit et quod maxime harum. Quia asperiores et ut error. Voluptates iusto sint non nisi eligendi rerum voluptatem. Ipsa et aspernatur ipsam quia vitae.', 747, 5, 15, '2023-10-02 07:06:40', '2023-10-02 07:06:40'),
(19, 'voluptas', 'Nobis nesciunt eius qui omnis consequatur nihil sapiente. Placeat officiis laudantium sit. Expedita aut sit voluptates.', 397, 2, 18, '2023-10-02 07:06:40', '2023-10-02 07:06:40'),
(20, 'facilis', 'Aut eius rerum culpa saepe sunt eligendi. Consectetur aut similique vel totam sit quae. Id qui harum atque accusamus nulla facilis quas esse.', 135, 3, 14, '2023-10-02 07:06:40', '2023-10-02 07:06:40'),
(21, 'et', 'Voluptates repellendus nam accusamus et praesentium voluptas distinctio ut. Quo corrupti deleniti aspernatur voluptate unde at hic. Eum nisi assumenda reprehenderit vel et. Eligendi officiis ipsum consequatur aliquam dolore quo. Vel consectetur voluptatum quia.', 335, 3, 11, '2023-10-02 07:06:40', '2023-10-02 07:06:40'),
(22, 'reprehenderit', 'Est eos eum non incidunt sed aperiam dolores. Ad esse dolores veniam est et. Possimus magnam et qui ut soluta reprehenderit.', 382, 2, 8, '2023-10-02 07:06:40', '2023-10-02 07:06:40'),
(23, 'vel', 'Error sunt at quisquam ut quia omnis. Esse repellendus optio sapiente consequuntur quia. Minus facere enim aut soluta harum velit quia.', 403, 8, 27, '2023-10-02 07:06:40', '2023-10-02 07:06:40'),
(24, 'sed', 'Molestias id incidunt laboriosam dolor voluptatem molestias. Sed nulla dicta voluptatibus excepturi rerum totam. Delectus totam blanditiis et dolorem dolorum reprehenderit eum alias. Vel rerum exercitationem nostrum saepe quos.', 332, 1, 10, '2023-10-02 07:06:40', '2023-10-02 07:06:40'),
(25, 'ipsam', 'Doloremque aliquam nobis quasi voluptatum quia. Beatae quam sunt sit ut blanditiis aperiam cum at. Magnam sint sed itaque quia molestiae. Repudiandae amet praesentium laborum molestiae hic ut. Quaerat id cumque hic culpa atque iure.', 333, 6, 8, '2023-10-02 07:06:40', '2023-10-02 07:06:40'),
(26, 'eveniet', 'Alias amet assumenda beatae qui. Veritatis quis iusto est inventore.', 344, 2, 23, '2023-10-02 07:06:40', '2023-10-02 07:06:40'),
(27, 'totam', 'Porro sapiente repudiandae et et distinctio. Reprehenderit at ipsum et.', 745, 9, 17, '2023-10-02 07:06:40', '2023-10-02 07:06:40'),
(28, 'dolores', 'Nemo error corporis adipisci quas et. Quo in quam nobis laborum aut et non. Natus rerum natus eligendi ratione.', 530, 9, 23, '2023-10-02 07:06:40', '2023-10-02 07:06:40'),
(29, 'corrupti', 'Rerum omnis ut aperiam temporibus eligendi iusto in. Fugit ut quas debitis rerum doloribus est ut. Voluptatibus et voluptatem ipsam ullam vel at id molestiae. Quae id aut quae repellat eos molestias tempore eaque.', 869, 6, 6, '2023-10-02 07:06:40', '2023-10-02 07:06:40'),
(30, 'qui', 'Molestiae dolorem ipsam assumenda est ea aut et. Exercitationem aut nesciunt eos libero. Atque aperiam aspernatur consequuntur soluta numquam.', 626, 3, 30, '2023-10-02 07:06:40', '2023-10-02 07:06:40'),
(31, 'fuga', 'Placeat eos non vel aliquam minus. Pariatur voluptatem fugit ipsa quaerat nisi quod. Eaque sit optio qui sint sequi. Officia at quod commodi deleniti earum vel harum.', 235, 9, 17, '2023-10-02 07:06:40', '2023-10-02 07:06:40'),
(32, 'enim', 'Nihil voluptatibus a perspiciatis. Voluptatem laborum reiciendis esse dicta sapiente et. Qui voluptate qui est ipsam. Quo non quis neque sed temporibus veniam.', 537, 4, 7, '2023-10-02 07:06:40', '2023-10-02 07:06:40'),
(33, 'illum', 'Sed quia non impedit rerum et adipisci. Explicabo accusantium facere consequatur. Est ea est rerum. Nam sed corrupti libero eum odit beatae.', 671, 9, 17, '2023-10-02 07:06:40', '2023-10-02 07:06:40'),
(34, 'officia', 'Sunt voluptate iure magni. Vitae rerum nesciunt itaque repudiandae. Dignissimos consequatur consequatur est omnis ab. Odio quo qui qui dolorum.', 149, 9, 5, '2023-10-02 07:06:40', '2023-10-02 07:06:40'),
(35, 'eveniet', 'Amet voluptas inventore maxime dicta sit harum. Deserunt amet est aut. Officiis et perferendis quis voluptatem. Cumque officiis voluptatem alias voluptas earum quis.', 430, 7, 16, '2023-10-02 07:06:40', '2023-10-02 07:06:40'),
(36, 'ex', 'Ullam aliquam voluptatum maxime. Quidem est commodi eaque dolorem voluptatum dolores. Quia vero iste illum at. Eveniet inventore aut quod velit.', 425, 4, 30, '2023-10-02 07:06:40', '2023-10-02 07:06:40'),
(37, 'numquam', 'Id quibusdam placeat dolor. Itaque quia consequatur aperiam nulla. Sequi ut est est voluptatem voluptate.', 349, 4, 23, '2023-10-02 07:06:40', '2023-10-02 07:06:40'),
(38, 'ut', 'Eveniet dolor sapiente fuga eligendi. Incidunt maiores placeat nemo necessitatibus ut. Voluptatum sit illum quam magnam quod et labore.', 109, 9, 29, '2023-10-02 07:06:40', '2023-10-02 07:06:40'),
(39, 'sit', 'Facilis omnis qui voluptatem molestiae ut. Fugiat in sit odio iste. Nulla recusandae et dicta voluptatem dolor. Excepturi enim rerum aut esse quidem voluptatem. Quas enim est est repellendus provident ducimus.', 968, 2, 18, '2023-10-02 07:06:40', '2023-10-02 07:06:40'),
(40, 'quaerat', 'Dolor tempore nihil ipsam. Quis qui veniam itaque. Molestiae dignissimos quia id quia. Quae maiores pariatur neque unde accusantium atque temporibus.', 480, 8, 7, '2023-10-02 07:06:40', '2023-10-02 07:06:40'),
(41, 'eum', 'Fuga quidem et eligendi asperiores et. Sit qui assumenda aut repellat repellendus. Ipsa voluptas accusantium est. Nihil ut quia et laborum.', 958, 7, 15, '2023-10-02 07:06:40', '2023-10-02 07:06:40'),
(42, 'quaerat', 'Dicta quas necessitatibus iure veniam qui nobis accusamus. Voluptatem quas molestias repudiandae quasi.', 167, 8, 27, '2023-10-02 07:06:40', '2023-10-02 07:06:40'),
(43, 'tempore', 'Ut qui rem quo eos officiis cum illum. Rem et quas optio. Dolorum sint vitae temporibus eveniet consequatur doloribus consequatur. Quis ipsa sequi voluptas quia.', 559, 1, 25, '2023-10-02 07:06:40', '2023-10-02 07:06:40'),
(44, 'omnis', 'Nulla voluptatibus eveniet vel deserunt voluptates. Eos voluptatem possimus dolores repudiandae. Ducimus maiores quo dignissimos omnis dolorum recusandae. Sunt qui sunt dolor quas voluptatem sunt repellat.', 103, 7, 28, '2023-10-02 07:06:40', '2023-10-02 07:06:40'),
(45, 'est', 'Quisquam ut et reprehenderit consequatur. Dolorum nulla modi cumque similique reprehenderit molestias enim laboriosam. Sit nulla nostrum esse exercitationem. In sint reprehenderit et omnis.', 425, 9, 3, '2023-10-02 07:06:40', '2023-10-02 07:06:40'),
(46, 'qui', 'Quibusdam ut cupiditate sit reiciendis ipsam et. Dicta explicabo maiores corporis ut in dolores fugiat. Quidem dolore illo labore corrupti deleniti aut porro. Odit corporis harum aut nihil eaque amet non occaecati.', 365, 8, 14, '2023-10-02 07:06:40', '2023-10-02 07:06:40'),
(47, 'debitis', 'Adipisci velit nihil asperiores atque aut consequatur. Blanditiis numquam est qui non. Sed minima corrupti accusantium magnam reiciendis et voluptate nostrum.', 347, 7, 13, '2023-10-02 07:06:40', '2023-10-02 07:06:40'),
(48, 'earum', 'Dolor a perferendis nemo qui perspiciatis consequatur ut. Eum qui ut vel quaerat debitis labore repudiandae temporibus. In iure at corrupti rem vitae consequatur dignissimos. Facilis laborum eos eaque suscipit non sint.', 905, 4, 21, '2023-10-02 07:06:40', '2023-10-02 07:06:40'),
(49, 'et', 'Occaecati tempore excepturi est quidem non. Assumenda voluptatem tempora voluptatem rerum sapiente cumque perspiciatis. Quidem pariatur molestiae voluptas dolores non ipsam velit.', 435, 9, 19, '2023-10-02 07:06:40', '2023-10-02 07:06:40'),
(50, 'magnam', 'Ut ipsa quia nulla ut ex. Enim consequatur quos sunt quo cum. Iste aut cupiditate similique similique commodi culpa quas. Illo ipsum harum cupiditate omnis autem blanditiis ea ut.', 401, 7, 6, '2023-10-02 07:06:40', '2023-10-02 07:06:40'),
(51, 'est', 'Eum sint ut perspiciatis eius. Ea labore quia deserunt tenetur perspiciatis. Nostrum soluta enim dolorem sed aut. Odit quo vel quibusdam et.', 821, 5, 11, '2023-10-02 07:08:01', '2023-10-02 07:08:01'),
(52, 'omnis', 'Eum assumenda voluptatem dolores itaque. Ad qui quis ullam quae voluptas quidem vel et. Exercitationem est officia ducimus quos aut praesentium. Facere odio assumenda repellat tenetur eum.', 811, 4, 25, '2023-10-02 07:08:01', '2023-10-02 07:08:01'),
(53, 'totam', 'Aut ut dicta aperiam ratione velit nihil. Libero iure id commodi quia qui laboriosam. Nisi autem vero qui et et qui.', 517, 5, 15, '2023-10-02 07:08:01', '2023-10-02 07:08:01'),
(54, 'repellendus', 'Qui in dolore iste occaecati. Similique deleniti placeat totam dolorem magni sit expedita.', 822, 5, 10, '2023-10-02 07:08:01', '2023-10-02 07:08:01'),
(55, 'dolore', 'Voluptate ab sed consectetur eligendi reiciendis. Eaque ex commodi dignissimos error. Est cum repellat veritatis magnam quaerat. Sed sit voluptatem sed quaerat sit velit.', 330, 3, 15, '2023-10-02 07:08:01', '2023-10-02 07:08:01'),
(56, 'reiciendis', 'Rem aut eos consequuntur et rem sunt voluptatem voluptates. Quasi est earum sit voluptatem. Architecto est occaecati dolorum qui quibusdam. Omnis suscipit a aperiam porro sequi dolor.', 827, 1, 22, '2023-10-02 07:08:01', '2023-10-02 07:08:01'),
(57, 'earum', 'Iusto natus sit similique similique aliquid fugiat aspernatur. Repudiandae aliquid sit aperiam dolorem minima culpa commodi. Pariatur quos consequatur consequatur quos quisquam.', 465, 7, 30, '2023-10-02 07:08:01', '2023-10-02 07:08:01'),
(58, 'placeat', 'Rerum eaque ut laboriosam aut accusamus. Explicabo consequatur qui id nemo esse delectus et. Eum natus voluptas sint et.', 563, 8, 4, '2023-10-02 07:08:01', '2023-10-02 07:08:01'),
(59, 'ut', 'Aliquam consectetur id consequatur impedit beatae. Fuga delectus facere dolorum in. Enim est praesentium ad explicabo quis. Qui quas non ipsam maxime laboriosam quasi voluptates accusamus.', 797, 5, 4, '2023-10-02 07:08:01', '2023-10-02 07:08:01'),
(60, 'sit', 'Sapiente ipsam repellat sit. Exercitationem debitis commodi deserunt facere similique ipsa. Corrupti provident sequi enim aliquam aspernatur.', 563, 1, 3, '2023-10-02 07:08:01', '2023-10-02 07:08:01'),
(61, 'vitae', 'Voluptatem et et vel commodi repellendus vel. Rerum odio eos quidem voluptatem eos natus tenetur. Qui nostrum distinctio quia consequatur et. Nemo qui quas quo nostrum occaecati repudiandae necessitatibus. Non velit ut ullam id atque sunt.', 692, 7, 24, '2023-10-02 07:08:01', '2023-10-02 07:08:01'),
(62, 'eligendi', 'Sit nihil et et eos quis. Ad quibusdam ullam dolorum quis et aut minus. Enim ipsa voluptas dolore odio. Adipisci qui et vel.', 683, 4, 26, '2023-10-02 07:08:01', '2023-10-02 07:08:01'),
(63, 'ut', 'Expedita animi enim vel incidunt rerum dolorum qui. Magni voluptatem odio ut expedita consectetur. Voluptas ipsum ad tempore earum alias at vitae laboriosam. Sint iste voluptatem quia aspernatur est eaque. Quod consequuntur et totam quia aut.', 737, 9, 15, '2023-10-02 07:08:01', '2023-10-02 07:08:01'),
(64, 'libero', 'Illo porro porro harum quis autem. Quod quis sed ad. Ullam porro aut omnis suscipit ut.', 473, 6, 9, '2023-10-02 07:08:01', '2023-10-02 07:08:01'),
(65, 'animi', 'Dolore rerum aliquam ea. Incidunt distinctio iusto voluptas perferendis eos sed. Est suscipit unde deserunt voluptates quo. Distinctio occaecati ad a ipsa labore.', 527, 6, 9, '2023-10-02 07:08:01', '2023-10-02 07:08:01'),
(66, 'illum', 'Architecto reiciendis et dolore quaerat. Quibusdam at qui laboriosam quis in. Consequatur est voluptatem nemo sed ut velit a doloremque. Provident minima est hic est beatae consectetur.', 299, 8, 5, '2023-10-02 07:08:01', '2023-10-02 07:08:01'),
(67, 'necessitatibus', 'Totam ut rerum deleniti pariatur consequatur. Enim asperiores ut nihil magnam enim non qui.', 949, 7, 28, '2023-10-02 07:08:01', '2023-10-02 07:08:01'),
(68, 'vel', 'Tempora aut et fugit ut. Fuga voluptates et numquam rerum. Fugiat porro possimus laudantium fugit.', 563, 5, 12, '2023-10-02 07:08:01', '2023-10-02 07:08:01'),
(69, 'et', 'Libero eos earum temporibus nesciunt qui. Fuga ducimus repudiandae consequuntur et nemo culpa rerum. Sint exercitationem nostrum deleniti vitae rerum quia eum. Corrupti sint nostrum reiciendis aliquam.', 626, 3, 25, '2023-10-02 07:08:01', '2023-10-02 07:08:01'),
(70, 'rem', 'Aut repellat et hic sit tempora. Eum voluptate nihil nihil aut. Est accusamus maiores provident est vero explicabo vitae. Libero esse saepe unde aperiam quaerat.', 210, 9, 21, '2023-10-02 07:08:01', '2023-10-02 07:08:01'),
(71, 'est', 'Id quaerat laudantium in suscipit est. Placeat nam odit aut omnis autem. In aut et ad. Et quibusdam possimus cumque illo quia aliquam.', 801, 5, 7, '2023-10-02 07:08:01', '2023-10-02 07:08:01'),
(72, 'hic', 'Amet cupiditate doloribus recusandae vero dolor ut ex fuga. Et est aliquam voluptate deserunt dolores numquam quae. Non fugit enim aut animi nisi. Praesentium libero totam ad ut voluptas in.', 169, 9, 3, '2023-10-02 07:08:01', '2023-10-02 07:08:01'),
(73, 'veniam', 'Suscipit accusantium rerum est deleniti maiores et facere officiis. Voluptatem dolorum velit molestiae quae. Quod et et rem quo voluptatem maxime facere. Nam nemo neque dicta quo. Rerum qui saepe aut impedit.', 839, 3, 12, '2023-10-02 07:08:01', '2023-10-02 07:08:01'),
(74, 'dolores', 'Sint excepturi placeat facere amet. Neque provident dolorem pariatur omnis ea quod sint. Voluptatem magni aperiam qui aut libero.', 772, 1, 9, '2023-10-02 07:08:01', '2023-10-02 07:08:01'),
(75, 'placeat', 'Fuga dolore mollitia ex vitae reiciendis. Aperiam omnis voluptas mollitia numquam et voluptatem id. Vitae voluptatem incidunt molestiae facere nisi sunt nostrum. Vitae molestias velit ab id.', 279, 1, 19, '2023-10-02 07:08:01', '2023-10-02 07:08:01'),
(76, 'quaerat', 'Quasi blanditiis provident consequatur atque enim. Sunt sunt ab commodi alias molestiae. Asperiores minima dicta similique temporibus ducimus officia recusandae. Accusamus alias dolorem odio et doloremque.', 844, 8, 3, '2023-10-02 07:08:01', '2023-10-02 07:08:01'),
(77, 'amet', 'Nesciunt quo autem tempore animi est enim accusamus. Iusto dolorem soluta possimus qui.', 136, 3, 10, '2023-10-02 07:08:01', '2023-10-02 07:08:01'),
(78, 'commodi', 'Sint corporis nostrum est laudantium. Quod laboriosam qui quas numquam illum et. Sunt quibusdam sit quis commodi consequatur rerum quaerat. Animi qui sed hic blanditiis unde.', 716, 9, 9, '2023-10-02 07:08:01', '2023-10-02 07:08:01'),
(79, 'quibusdam', 'Facilis vero et consequuntur nihil eius necessitatibus sed. Tempore non quaerat molestiae sed rerum. Architecto voluptatem quasi distinctio sunt suscipit at.', 220, 9, 16, '2023-10-02 07:08:01', '2023-10-02 07:08:01'),
(80, 'magnam', 'Qui sit repudiandae non qui. Ullam quis expedita nisi est. Odio libero quia sit aut ut vitae voluptates vel. Molestiae modi ut dicta eligendi harum quidem esse aut.', 902, 8, 25, '2023-10-02 07:08:01', '2023-10-02 07:08:01'),
(81, 'qui', 'Maiores qui illo necessitatibus reprehenderit eligendi at. Accusamus odio rerum non perferendis veniam. Adipisci fugiat adipisci nemo iusto accusamus doloribus recusandae hic. Odio qui vel dolor non. Sed dolorum est nihil.', 489, 5, 14, '2023-10-02 07:08:01', '2023-10-02 07:08:01'),
(82, 'quod', 'At repellendus qui tenetur sit doloremque eos magnam. Rerum eum et non alias nemo. Qui ipsa et delectus autem. Ad itaque occaecati et praesentium quis expedita.', 981, 3, 6, '2023-10-02 07:08:01', '2023-10-02 07:08:01'),
(83, 'ipsam', 'Animi sed amet et sed quae. Velit itaque iure dolorum nisi. Omnis qui quam autem est numquam excepturi. Debitis repellendus non soluta occaecati tempore. Dolores consectetur odit nulla.', 663, 3, 3, '2023-10-02 07:08:01', '2023-10-02 07:08:01'),
(84, 'eaque', 'Aut aliquid nihil officiis vitae autem. Blanditiis praesentium debitis quidem provident rerum. Quas cupiditate quis at accusamus. Possimus sit omnis ut dolores molestias totam consectetur.', 569, 5, 30, '2023-10-02 07:08:01', '2023-10-02 07:08:01'),
(85, 'vero', 'Excepturi voluptate minus voluptatem. Mollitia nihil iste quaerat beatae laudantium. Dolores doloremque animi mollitia at autem. Eos quos sed perferendis eum ex quia dolore.', 177, 9, 2, '2023-10-02 07:08:01', '2023-10-02 07:08:01'),
(86, 'id', 'Consequatur sit sit est quo et. Repellat laudantium provident qui qui est. Ex qui molestias hic error dolor.', 766, 3, 26, '2023-10-02 07:08:01', '2023-10-02 07:08:01'),
(87, 'rerum', 'Cumque enim et beatae sunt quo quasi. Dicta itaque et sunt. Non id quam omnis impedit quos hic doloremque maiores. Corrupti id molestiae corrupti eligendi assumenda. Consequatur porro consequuntur perspiciatis dolor.', 254, 4, 29, '2023-10-02 07:08:01', '2023-10-02 07:08:01'),
(88, 'sit', 'Voluptas dolor porro magnam eum ut ex est expedita. Sunt voluptate aspernatur doloremque fugiat vero. Id reprehenderit ex expedita non delectus. Ea quibusdam inventore et culpa velit.', 297, 3, 26, '2023-10-02 07:08:01', '2023-10-02 07:08:01'),
(89, 'possimus', 'Eligendi delectus dolorum facilis ea repudiandae ea. Rem sint consequuntur optio id sequi beatae enim. Adipisci hic dolorem cupiditate architecto ut. Ut et mollitia cupiditate veritatis laudantium non molestiae.', 756, 3, 11, '2023-10-02 07:08:01', '2023-10-02 07:08:01'),
(90, 'facere', 'Occaecati autem eos sit aspernatur voluptatibus deserunt voluptatem. Et totam quaerat aut debitis fugiat harum numquam debitis. Ea architecto sed veniam velit consequatur.', 201, 5, 6, '2023-10-02 07:08:01', '2023-10-02 07:08:01'),
(91, 'similique', 'Ex laudantium omnis cum deserunt fugit. Ipsam aut optio aliquam nemo impedit consectetur atque. Qui non non incidunt. Eos molestiae magnam omnis ut minima.', 410, 6, 29, '2023-10-02 07:08:01', '2023-10-02 07:08:01'),
(92, 'impedit', 'Dolorum molestias dignissimos vel unde impedit et quaerat. Totam adipisci sit asperiores eos quisquam debitis minima. Maxime id esse aliquam nihil. Veniam sed consequuntur laudantium doloribus debitis hic.', 989, 2, 14, '2023-10-02 07:08:01', '2023-10-02 07:08:01'),
(93, 'earum', 'Ab temporibus non omnis dicta facere consequatur. Quis qui est repellat molestiae accusantium voluptas. Consequatur placeat nisi enim eius et ex. Harum autem dolore et doloribus est.', 585, 9, 20, '2023-10-02 07:08:01', '2023-10-02 07:08:01'),
(94, 'voluptate', 'Accusantium laborum qui voluptatem aut voluptatem molestiae qui. Quibusdam temporibus molestiae rerum est vel tempora non aliquid.', 263, 7, 24, '2023-10-02 07:08:01', '2023-10-02 07:08:01'),
(95, 'et', 'Temporibus quaerat impedit dolores. Necessitatibus corrupti et laudantium alias commodi. In aut repellat molestiae maxime. Est accusantium sit dolor voluptatem fugiat voluptatem est.', 741, 1, 8, '2023-10-02 07:08:01', '2023-10-02 07:08:01'),
(96, 'aliquid', 'Non qui error quam molestiae expedita sunt quas. Ut sapiente facere ut ad esse nulla sit. Est beatae non non sit labore earum delectus. Est consectetur doloribus recusandae minus necessitatibus qui.', 738, 3, 24, '2023-10-02 07:08:01', '2023-10-02 07:08:01'),
(97, 'quo', 'Mollitia tempore est est consequatur. Earum et earum voluptas cum aperiam nobis provident. Sit iusto et est tempore eaque eius. Quia est expedita eos aut et aliquid.', 703, 8, 11, '2023-10-02 07:08:01', '2023-10-02 07:08:01'),
(98, 'temporibus', 'Mollitia et consequatur voluptatem iusto sed aut sapiente neque. Quasi porro quia saepe reprehenderit quia et. Inventore voluptate nesciunt voluptatem sed quia. Illo ullam dolore tempora dolores exercitationem earum doloremque debitis.', 925, 6, 29, '2023-10-02 07:08:01', '2023-10-02 07:08:01'),
(99, 'quos', 'Consequuntur sit et vel nisi. Fuga aut iusto qui explicabo id omnis modi.', 610, 5, 28, '2023-10-02 07:08:01', '2023-10-02 07:08:01'),
(100, 'quasi', 'Eveniet veritatis porro sed autem nihil in earum. Accusantium autem iusto voluptatem at optio fuga corporis sed. Pariatur eveniet consequuntur sed voluptas omnis magnam minima. Hic commodi autem dicta perspiciatis quia aliquid.', 650, 9, 12, '2023-10-02 07:08:01', '2023-10-02 07:08:01');

-- --------------------------------------------------------

--
-- Table structure for table `reviews`
--

CREATE TABLE `reviews` (
  `id` bigint(20) UNSIGNED NOT NULL,
  `product_id` bigint(20) UNSIGNED NOT NULL,
  `customer` varchar(255) NOT NULL,
  `review` text NOT NULL,
  `star` int(11) NOT NULL,
  `created_at` timestamp NULL DEFAULT NULL,
  `updated_at` timestamp NULL DEFAULT NULL
) ENGINE=InnoDB DEFAULT CHARSET=utf8mb4 COLLATE=utf8mb4_unicode_ci;

--
-- Dumping data for table `reviews`
--

INSERT INTO `reviews` (`id`, `product_id`, `customer`, `review`, `star`, `created_at`, `updated_at`) VALUES
(1, 81, 'Ms. Carmela Hermann DDS', 'Consequuntur adipisci aspernatur et et corrupti quae illum. A quidem et non. Id esse quia eaque vel eum rem assumenda.', 3, '2023-10-02 07:08:01', '2023-10-02 07:08:01'),
(2, 45, 'Emmet Harber', 'Eius non architecto eum sint quam animi. Maxime modi sequi aut at. Praesentium et voluptatibus iure architecto molestias labore.', 3, '2023-10-02 07:08:01', '2023-10-02 07:08:01'),
(3, 36, 'Meaghan Hayes', 'Iste corporis et ipsa et quia facilis. Mollitia accusamus dicta architecto aut. Ea provident autem delectus sint nemo libero fugit mollitia.', 0, '2023-10-02 07:08:01', '2023-10-02 07:08:01'),
(4, 6, 'Ms. Viola Heaney IV', 'Consequatur accusamus consequatur eos libero pariatur. Dolorem nam animi nihil veritatis est possimus. Nesciunt rerum repellendus temporibus voluptate quisquam ipsam.', 3, '2023-10-02 07:08:01', '2023-10-02 07:08:01'),
(5, 79, 'Mr. Tavares Pagac', 'Est et beatae id sunt ut beatae. Nemo aut nesciunt pariatur fugit iusto. Sequi dolor iusto voluptas explicabo.', 5, '2023-10-02 07:08:01', '2023-10-02 07:08:01'),
(6, 93, 'June Homenick', 'Est nihil nulla magni rerum repudiandae accusamus. Debitis eum sed praesentium perspiciatis quia. Nihil iure fuga unde nihil accusamus. Natus molestiae autem quis labore praesentium.', 2, '2023-10-02 07:08:01', '2023-10-02 07:08:01'),
(7, 67, 'Shawn Klocko', 'Nobis placeat voluptatum sit ut molestiae quos aperiam accusamus. Quia nobis placeat ut odit totam. Qui dolor in ea nesciunt delectus dolorem inventore. Debitis pariatur dignissimos fuga architecto qui.', 1, '2023-10-02 07:08:01', '2023-10-02 07:08:01'),
(8, 28, 'Jairo Auer', 'Nihil quod magni et in cumque quo. Veritatis consectetur qui deserunt aperiam id mollitia perferendis est. Dolorem est et quis accusamus.', 5, '2023-10-02 07:08:01', '2023-10-02 07:08:01'),
(9, 90, 'Estell Lindgren', 'Error rem voluptatibus sunt veniam natus. Vel excepturi consequatur maiores quo adipisci. Et modi similique veniam a aliquam sed dolore. Consequatur a qui magnam impedit non.', 3, '2023-10-02 07:08:01', '2023-10-02 07:08:01'),
(10, 33, 'Antonette Dickens', 'Itaque nostrum et quidem id. Et nemo omnis similique deleniti. Consequuntur ab nemo libero illo. Est ut ab saepe et non dolor. Autem et sit omnis molestiae est occaecati.', 5, '2023-10-02 07:08:01', '2023-10-02 07:08:01'),
(11, 9, 'Sandrine Langworth', 'Voluptas est eius a molestiae incidunt. Quaerat sit voluptatum sint nemo commodi. Magni adipisci enim reiciendis cupiditate veritatis et.', 4, '2023-10-02 07:08:01', '2023-10-02 07:08:01'),
(12, 4, 'Prof. Queenie McDermott II', 'Placeat quasi assumenda porro veniam modi et. Laborum dolorem possimus optio alias aperiam possimus quaerat et. Sed eos repellendus cupiditate nam.', 1, '2023-10-02 07:08:01', '2023-10-02 07:08:01'),
(13, 48, 'Susanna Cummings', 'Illum ipsum unde excepturi in placeat reprehenderit. Culpa quibusdam dolores magni nobis beatae. Recusandae dolorum accusantium et sed aut voluptatibus voluptas velit. Nulla optio aperiam nemo unde ducimus incidunt voluptas.', 5, '2023-10-02 07:08:01', '2023-10-02 07:08:01'),
(14, 74, 'Harold Gerhold', 'Laborum velit voluptas quasi facere harum. Harum rerum aut ut quo. Dolore ea et qui. Voluptatem non placeat est illum quos. Eos corrupti commodi qui laborum.', 0, '2023-10-02 07:08:01', '2023-10-02 07:08:01'),
(15, 22, 'Ressie Kshlerin', 'Nobis est ipsa eum fuga quo est. Quis commodi voluptatem sit. Quibusdam qui deserunt nam possimus rerum. Illo est dolorem mollitia modi molestiae.', 1, '2023-10-02 07:08:01', '2023-10-02 07:08:01'),
(16, 4, 'Ms. Janelle Jakubowski DDS', 'Repellendus eos reprehenderit sapiente ut fugit. Possimus harum nihil a. Voluptatem quia quia magnam. Laboriosam qui nisi veritatis aliquid ut enim.', 0, '2023-10-02 07:08:01', '2023-10-02 07:08:01'),
(17, 72, 'Arlie Bailey I', 'Mollitia quo id distinctio minima eligendi et nisi voluptatem. Voluptates voluptatem quia quia nihil. Quibusdam impedit molestiae nisi id ut sit qui. Numquam quibusdam tenetur et impedit corrupti ea.', 0, '2023-10-02 07:08:01', '2023-10-02 07:08:01'),
(18, 60, 'Gerry Weber', 'Dicta ut qui nam reprehenderit quia fugit. Eos vel ipsum facere. Impedit a magnam at sequi. Et delectus dolorem non temporibus.', 1, '2023-10-02 07:08:01', '2023-10-02 07:08:01'),
(19, 64, 'Dr. Kenya Brakus', 'Veniam quis aut at omnis cumque aut delectus officia. Nihil porro omnis aspernatur. Eius vero illo dolorem velit. Distinctio vitae vel quia qui veniam animi.', 0, '2023-10-02 07:08:01', '2023-10-02 07:08:01'),
(20, 59, 'Emerson Mayer', 'Similique sunt nemo non aut qui. Amet quas dignissimos rerum.', 3, '2023-10-02 07:08:01', '2023-10-02 07:08:01'),
(21, 26, 'Prof. Luisa Kirlin III', 'Aliquid aut porro dolor voluptatem aut quis ut. Dicta sit voluptates et. Suscipit recusandae rem magnam ea quas dignissimos. Distinctio saepe harum error eum voluptates ea labore. Delectus esse dolores est ullam facere veniam.', 3, '2023-10-02 07:08:01', '2023-10-02 07:08:01'),
(22, 54, 'Kristofer Fisher PhD', 'Minus est nemo et veritatis et. Debitis sit quia earum odit similique ad. Natus maiores quia expedita dolorem consequatur qui doloribus.', 0, '2023-10-02 07:08:01', '2023-10-02 07:08:01'),
(23, 42, 'Miss Raegan O\'Conner MD', 'Cum ratione voluptate itaque. Esse et perferendis minus modi veniam vero unde rerum. Et adipisci fugit porro voluptas dolorum rerum porro.', 3, '2023-10-02 07:08:01', '2023-10-02 07:08:01'),
(24, 78, 'Mr. Edison Veum II', 'Esse iste quia doloribus ab at doloremque. Veritatis ab ut laborum debitis. Ea eveniet non asperiores consequuntur modi voluptas illum. Voluptatum vitae non minus voluptatem doloribus maxime cum.', 0, '2023-10-02 07:08:01', '2023-10-02 07:08:01'),
(25, 95, 'Cordell Paucek', 'Et illum quis vero. Consequatur voluptatem a cum et quo quibusdam. Et distinctio velit aut quis aut id autem. Recusandae aut impedit tempore sunt tempora aut illum.', 3, '2023-10-02 07:08:01', '2023-10-02 07:08:01'),
(26, 82, 'Lamont Eichmann', 'Suscipit porro consequatur voluptate aut cupiditate voluptates. Dolores consequatur molestiae natus iure odit ipsum. Enim voluptas id fugiat.', 4, '2023-10-02 07:08:01', '2023-10-02 07:08:01'),
(27, 34, 'Rachelle Raynor', 'Quibusdam et sit aut suscipit ut. Consequatur consequatur cum aut ut eveniet.', 4, '2023-10-02 07:08:01', '2023-10-02 07:08:01'),
(28, 72, 'Dr. Thelma Armstrong', 'Commodi ad saepe quidem temporibus fuga tempore ut. Nihil molestiae a earum quia excepturi saepe earum dolorem.', 2, '2023-10-02 07:08:01', '2023-10-02 07:08:01'),
(29, 40, 'Rylee Smitham', 'Ipsum eos nobis omnis exercitationem ut laboriosam tenetur. Distinctio voluptas placeat vel.', 1, '2023-10-02 07:08:01', '2023-10-02 07:08:01'),
(30, 14, 'Miracle Hodkiewicz', 'Beatae corporis voluptatem aspernatur praesentium quis libero. Consequatur provident repellendus beatae doloremque. Omnis nobis quae in corporis.', 1, '2023-10-02 07:08:01', '2023-10-02 07:08:01'),
(31, 18, 'Ms. Adella Predovic', 'Ratione corporis dolores ratione cum cupiditate doloremque qui. Odio aut aut natus aut et ut quas voluptates. Neque cupiditate laboriosam ut et consequatur. Rerum accusantium voluptas et et tempore.', 2, '2023-10-02 07:08:01', '2023-10-02 07:08:01'),
(32, 96, 'Dr. Reuben Medhurst', 'A culpa nesciunt deleniti libero vel praesentium. Molestiae doloribus ab velit odit qui saepe. Nisi voluptatum voluptatum id maxime. Molestiae ratione deserunt mollitia quasi natus voluptatibus et.', 1, '2023-10-02 07:08:01', '2023-10-02 07:08:01'),
(33, 32, 'Lonzo Dare', 'Dolor aut quae aliquid qui quos. Nobis deserunt recusandae omnis impedit inventore sequi. Excepturi maiores sit eligendi at.', 0, '2023-10-02 07:08:01', '2023-10-02 07:08:01'),
(34, 66, 'Dr. Lelia Murazik', 'Non quia dolores tempora dolorem fugit qui dolores et. Perferendis at neque et beatae. Aliquid veniam omnis consequatur illum.', 1, '2023-10-02 07:08:01', '2023-10-02 07:08:01'),
(35, 65, 'Khalil Mosciski Sr.', 'Qui exercitationem nemo reiciendis ut. Voluptatem aut doloremque sequi quae. Ratione repellendus dolore maiores pariatur aut aspernatur labore. Quos et quo accusamus unde.', 0, '2023-10-02 07:08:01', '2023-10-02 07:08:01'),
(36, 22, 'Prof. Daija Lindgren', 'Quia unde non cumque eius odit perspiciatis. Rerum quos numquam natus dolores aspernatur molestiae. Illum molestias velit quisquam est inventore excepturi est velit.', 4, '2023-10-02 07:08:01', '2023-10-02 07:08:01'),
(37, 61, 'Ettie Pacocha', 'Itaque animi dolor quos consequuntur suscipit sed. Dolor velit illum totam illum sequi. Ipsa vitae earum et nihil pariatur placeat. Ratione laboriosam et eum praesentium saepe.', 0, '2023-10-02 07:08:01', '2023-10-02 07:08:01'),
(38, 58, 'Elody Huels III', 'Repellendus voluptas vel omnis illo sint recusandae. Officiis voluptas porro aut impedit magnam maxime delectus sit.', 5, '2023-10-02 07:08:01', '2023-10-02 07:08:01'),
(39, 21, 'Emelia Prosacco', 'Inventore officiis quis dolor sequi praesentium. Doloribus qui iusto eius vero voluptas tempora. Odit temporibus ut qui aut.', 1, '2023-10-02 07:08:01', '2023-10-02 07:08:01'),
(40, 76, 'Estelle Carroll', 'Facere autem odit nesciunt ut qui enim. Ut exercitationem qui sint aut. Repellat voluptatem non animi corporis eveniet in.', 4, '2023-10-02 07:08:01', '2023-10-02 07:08:01'),
(41, 88, 'Elena Skiles', 'Aut laboriosam sunt illum est quo. Animi voluptas voluptas ut molestias accusantium velit. Unde commodi sed sapiente explicabo voluptatum.', 4, '2023-10-02 07:08:01', '2023-10-02 07:08:01'),
(42, 34, 'Raoul Steuber', 'Maiores earum rem est nihil quod assumenda dolores. Fugiat pariatur sed maiores qui dolorem. Quae voluptates dignissimos et odit. Et eaque optio maxime exercitationem.', 1, '2023-10-02 07:08:01', '2023-10-02 07:08:01'),
(43, 8, 'Elouise Leuschke Jr.', 'Molestiae excepturi et omnis. Cumque nihil tenetur sint sequi blanditiis aut possimus. Occaecati beatae et corporis aut iure aut quas. Sint consequatur voluptas quia fugit.', 2, '2023-10-02 07:08:01', '2023-10-02 07:08:01'),
(44, 96, 'Dr. Kitty Metz MD', 'Nesciunt non laudantium ut quia quae odio. Voluptate dolores ullam commodi. Quibusdam ut asperiores sequi quia tempora occaecati est. Quo harum dignissimos voluptatem expedita dolor sed assumenda.', 2, '2023-10-02 07:08:01', '2023-10-02 07:08:01'),
(45, 45, 'Vicenta West', 'Ipsum est animi consectetur nemo delectus adipisci. Fugit consectetur magnam impedit accusantium dolorem omnis. Repellat molestiae et repudiandae ut odio consequatur. Nihil temporibus cumque sit voluptas nulla corrupti. Tenetur officiis iste repellendus distinctio minus aliquam.', 3, '2023-10-02 07:08:01', '2023-10-02 07:08:01'),
(46, 5, 'Stuart Macejkovic IV', 'Animi consequuntur ab nostrum animi. Laboriosam vel aut maxime molestiae ipsa maiores enim. Facere et earum id quidem numquam dolore adipisci temporibus.', 2, '2023-10-02 07:08:01', '2023-10-02 07:08:01'),
(47, 76, 'Jena Predovic', 'Quidem eaque inventore expedita. Fugit porro architecto enim et eos quo. Sint consequatur asperiores nemo corrupti quia repellat. Quam harum qui quo ipsa. Est laudantium iure nesciunt corporis.', 4, '2023-10-02 07:08:01', '2023-10-02 07:08:01'),
(48, 1, 'Dr. Marques Altenwerth', 'Iusto a aut ut quia quis ipsam quo. Qui aspernatur enim fugiat aut.', 4, '2023-10-02 07:08:01', '2023-10-02 07:08:01'),
(49, 28, 'Prof. Myron O\'Conner', 'Beatae fuga ut perferendis voluptatum ut dolores. Sint consectetur perferendis amet libero aut. Aut et pariatur molestias alias cum. Unde ipsum qui reprehenderit delectus enim qui temporibus.', 0, '2023-10-02 07:08:01', '2023-10-02 07:08:01'),
(50, 72, 'Dr. Vance Lesch', 'Nisi ullam et laboriosam quia nesciunt occaecati. Harum non tempora ullam commodi tempora minima nihil.', 3, '2023-10-02 07:08:01', '2023-10-02 07:08:01'),
(51, 18, 'Bo Collier', 'Dolores quaerat porro et pariatur. Recusandae et voluptatem animi natus. Consequatur rerum culpa esse excepturi consequuntur ad. Eum vero similique aliquid iste.', 0, '2023-10-02 07:08:01', '2023-10-02 07:08:01'),
(52, 68, 'Elissa Flatley DDS', 'Ut asperiores dolorum dolorem eum. Cupiditate tempore quasi quibusdam architecto. Nihil qui eaque tempora aut quibusdam voluptates perferendis dignissimos.', 3, '2023-10-02 07:08:01', '2023-10-02 07:08:01'),
(53, 77, 'Mrs. Penelope Hessel DDS', 'Consequatur consequatur quam rerum placeat. Eos quis aliquid repudiandae voluptas et aut impedit. Ea repellendus natus ipsa illum. Cum provident ut ut illum.', 3, '2023-10-02 07:08:01', '2023-10-02 07:08:01'),
(54, 56, 'Mrs. Chelsea Herzog', 'Adipisci illum dolor odit. Iste non excepturi quia ea officia quis. Eligendi id voluptatem et qui qui. Maxime deserunt ut adipisci at.', 1, '2023-10-02 07:08:01', '2023-10-02 07:08:01'),
(55, 56, 'Jean Hoppe', 'Iure aut iusto laboriosam voluptatibus. Accusamus aut quisquam ipsa est consequatur incidunt. Aliquid quisquam sit alias fuga ut sed fugiat.', 2, '2023-10-02 07:08:01', '2023-10-02 07:08:01'),
(56, 82, 'Olen Buckridge', 'Sequi non voluptas possimus aut delectus non ipsa ipsum. Voluptatem vel aut debitis aliquam rem placeat quis. Numquam voluptatem beatae atque ab architecto.', 1, '2023-10-02 07:08:01', '2023-10-02 07:08:01'),
(57, 68, 'Joey Swaniawski', 'Suscipit eum facilis reiciendis. Aut consequatur consequatur alias est voluptatem voluptatem amet. Consequatur blanditiis sit cupiditate voluptatum qui necessitatibus assumenda.', 0, '2023-10-02 07:08:01', '2023-10-02 07:08:01'),
(58, 99, 'Vincent Schuppe', 'Accusamus eius autem illum temporibus maxime. Dolorem atque commodi aut dolor ipsum dolores deleniti. Ad labore magnam cum rerum et sed numquam. Numquam voluptatem omnis est hic dolores quod.', 3, '2023-10-02 07:08:01', '2023-10-02 07:08:01'),
(59, 56, 'Jackeline Deckow', 'Id odit ut maiores modi dolorem enim totam. Debitis incidunt voluptas quidem nulla aliquid. Et voluptas autem soluta ullam maiores eum nostrum voluptatibus. Ea molestiae vero suscipit.', 1, '2023-10-02 07:08:01', '2023-10-02 07:08:01'),
(60, 11, 'Prof. Micah Legros DDS', 'Dolore quibusdam et magni expedita magni nobis sit. Placeat quia nulla nesciunt deserunt veritatis ut sed. Ullam ut et veritatis id nisi nulla repellat aperiam. Eum quasi iusto eum aliquam esse.', 5, '2023-10-02 07:08:01', '2023-10-02 07:08:01'),
(61, 84, 'Lonnie Senger', 'Et consequatur aperiam magni ea exercitationem distinctio voluptate pariatur. Consequatur inventore saepe architecto sed quae. Ad aut voluptatem velit iste vel.', 0, '2023-10-02 07:08:01', '2023-10-02 07:08:01'),
(62, 71, 'Arlene Batz', 'Fugit facilis qui nobis laudantium. Culpa exercitationem adipisci incidunt vitae laborum est architecto. Ipsam et eius dolorem nobis nulla.', 4, '2023-10-02 07:08:01', '2023-10-02 07:08:01'),
(63, 54, 'Lue Emard', 'Officiis voluptatem sed ipsam non est quia inventore. Et qui corrupti ipsam quo magnam. Amet eligendi voluptas aperiam omnis laudantium sit. Ducimus corporis et voluptatibus odit assumenda quia dolores.', 2, '2023-10-02 07:08:01', '2023-10-02 07:08:01'),
(64, 73, 'Dillon Smitham', 'Nisi eveniet modi qui pariatur. Assumenda et voluptatibus corrupti sequi ratione iure. Repellendus eligendi nobis ut officiis. Corporis officiis libero ad quod reprehenderit beatae quo.', 2, '2023-10-02 07:08:01', '2023-10-02 07:08:01'),
(65, 46, 'Dr. Constantin Orn II', 'Occaecati aut eos qui blanditiis laborum consequatur. Error totam dolor odit consectetur repellat. Dolore cumque nisi fugiat recusandae autem est. Suscipit officia non aut.', 1, '2023-10-02 07:08:01', '2023-10-02 07:08:01'),
(66, 64, 'Molly Dicki IV', 'Suscipit similique blanditiis in. Quaerat consectetur voluptas blanditiis aliquam iste ipsam.', 5, '2023-10-02 07:08:01', '2023-10-02 07:08:01'),
(67, 60, 'Caleb Prohaska DDS', 'Incidunt velit numquam qui rerum enim at mollitia. Accusamus quis est aut eos est odit rem. Ea laudantium a aliquid dicta error. Quos modi et eius perspiciatis vel voluptas.', 1, '2023-10-02 07:08:01', '2023-10-02 07:08:01'),
(68, 41, 'Natalia Langosh', 'Est qui sed dolores. Vitae culpa voluptatum vel.', 5, '2023-10-02 07:08:01', '2023-10-02 07:08:01'),
(69, 19, 'Rozella Reilly', 'Eos maiores sed culpa. Sequi minus voluptatem et quis. Iusto dolores cupiditate molestiae eligendi placeat eius.', 5, '2023-10-02 07:08:01', '2023-10-02 07:08:01'),
(70, 81, 'Eloise Emard', 'Non rem nobis in et repellendus. Reprehenderit sed laudantium laudantium explicabo eligendi. Veniam repellendus sunt ipsa rerum error perferendis aut delectus.', 0, '2023-10-02 07:08:01', '2023-10-02 07:08:01'),
(71, 69, 'Mr. Aurelio Lesch', 'Omnis excepturi sunt sint fuga eveniet impedit. Quia aut recusandae aliquid eveniet maiores possimus. Aut rerum alias quisquam rem quidem dolorem commodi.', 4, '2023-10-02 07:08:01', '2023-10-02 07:08:01'),
(72, 25, 'Prof. Ken Hackett', 'Et velit dolores aut nesciunt vel. Tempore amet temporibus eos dolorem non. Ipsa ut voluptatem sit aliquam asperiores. Libero officia animi sint et dicta eaque dolores.', 3, '2023-10-02 07:08:01', '2023-10-02 07:08:01'),
(73, 88, 'Christine Sauer', 'Quisquam et excepturi impedit incidunt quisquam. Repellendus eum iusto neque ipsum nulla doloremque. Quia iusto et praesentium tempore eveniet minima odit. Et sit qui maxime vel debitis.', 5, '2023-10-02 07:08:01', '2023-10-02 07:08:01'),
(74, 27, 'Elsie Schultz', 'Quia harum a nihil dicta et odio sit nisi. Corrupti aliquid voluptates voluptates maiores quas qui. Veniam ut omnis et aut eligendi.', 1, '2023-10-02 07:08:01', '2023-10-02 07:08:01'),
(75, 64, 'Arvilla Huels MD', 'Occaecati autem facilis id illum corrupti. Illo explicabo voluptatibus quas omnis. Tempore delectus est beatae corrupti maiores. Soluta ea et autem quibusdam.', 4, '2023-10-02 07:08:01', '2023-10-02 07:08:01'),
(76, 20, 'Mr. Doyle Botsford', 'Voluptas aperiam est doloribus enim. Et voluptates deleniti et cum et. Molestiae non illo reprehenderit non eligendi veritatis vel.', 1, '2023-10-02 07:08:01', '2023-10-02 07:08:01'),
(77, 81, 'Lilly Tromp Sr.', 'Dolorum illo minus laudantium assumenda a. Nisi qui quibusdam non culpa neque. Accusamus exercitationem accusantium a nemo eum. Voluptatibus quia similique dolor non.', 3, '2023-10-02 07:08:01', '2023-10-02 07:08:01'),
(78, 92, 'Mr. Salvatore Bogisich', 'Possimus enim veniam et fugit laudantium aut rerum. Molestiae accusamus quisquam eaque veritatis vero itaque soluta. Aut omnis reiciendis impedit placeat sed. Numquam repellendus accusamus in totam aliquam ducimus optio.', 2, '2023-10-02 07:08:01', '2023-10-02 07:08:01'),
(79, 20, 'Graham Hauck', 'Blanditiis eum vitae et provident voluptatem officia ut est. In consequatur ad perspiciatis. Molestiae ut similique architecto placeat. Reprehenderit at pariatur ducimus.', 3, '2023-10-02 07:08:01', '2023-10-02 07:08:01'),
(80, 66, 'Katlynn Kuhic', 'Voluptatibus nihil velit ut aut. Aspernatur aperiam impedit deserunt voluptate dicta iste deleniti. Perferendis eos corrupti qui eveniet animi in deleniti qui.', 1, '2023-10-02 07:08:01', '2023-10-02 07:08:01'),
(81, 91, 'Weldon Miller', 'Possimus tempora explicabo aut. Dolor dolores ratione id libero voluptatem. Eaque voluptatibus iusto ex deleniti. Molestiae quas debitis sequi id.', 1, '2023-10-02 07:08:01', '2023-10-02 07:08:01'),
(82, 67, 'Mittie McClure', 'Aliquam molestiae pariatur sequi voluptatem. Quo deserunt cum aut facere ut voluptate rerum. Qui repudiandae sit perspiciatis rerum et asperiores sapiente.', 5, '2023-10-02 07:08:01', '2023-10-02 07:08:01'),
(83, 14, 'Janis Hansen', 'Rerum numquam et voluptate voluptas. Est et autem non repellat soluta itaque. Soluta porro velit eos dignissimos.', 1, '2023-10-02 07:08:01', '2023-10-02 07:08:01'),
(84, 40, 'Dr. Dexter Wilderman IV', 'Labore sed dolorem quia et corrupti. Ducimus iste temporibus excepturi. Et dolore modi ut ex magni.', 5, '2023-10-02 07:08:01', '2023-10-02 07:08:01'),
(85, 91, 'Estella Lesch', 'Ad tempora laborum et possimus consequatur eveniet fuga. Dolor aspernatur quia sint vitae maxime. Mollitia maiores saepe illum temporibus debitis incidunt sed aut. Et sequi maiores aliquid alias nulla.', 3, '2023-10-02 07:08:01', '2023-10-02 07:08:01'),
(86, 61, 'Rod Davis', 'Assumenda qui repudiandae nisi voluptatem. Facere dolorem quis et ipsam. Quam voluptatem explicabo dolores harum ducimus culpa quo vel.', 2, '2023-10-02 07:08:01', '2023-10-02 07:08:01'),
(87, 70, 'Jayson Hyatt', 'Ad repudiandae odio ad nihil. Et mollitia quos repellat. Ea ut quae reprehenderit eveniet accusantium optio.', 0, '2023-10-02 07:08:01', '2023-10-02 07:08:01'),
(88, 97, 'Miss Beaulah Murray IV', 'Accusamus eligendi non sed dolores. Perspiciatis amet similique magnam delectus reprehenderit consequatur. Nostrum sit doloremque nihil vitae non. Laudantium est occaecati quisquam.', 5, '2023-10-02 07:08:01', '2023-10-02 07:08:01'),
(89, 53, 'Ms. Lucile Dach', 'Ut voluptatem eaque eveniet animi molestiae illum consectetur. Ut consequatur ducimus voluptates laboriosam voluptatibus. Voluptate sit laboriosam magni error soluta hic id. Ipsum sed excepturi nesciunt quia saepe ad fuga quaerat.', 3, '2023-10-02 07:08:01', '2023-10-02 07:08:01'),
(90, 61, 'Mr. Deangelo Davis', 'Nam in praesentium nulla odio id. Voluptas qui vero vero. Et laborum rerum sit earum minima dicta.', 3, '2023-10-02 07:08:01', '2023-10-02 07:08:01'),
(91, 34, 'Dr. Nestor Schmitt IV', 'Unde necessitatibus libero blanditiis ratione hic distinctio eum expedita. Qui soluta vel amet sequi sunt soluta. Quia non aut voluptatem omnis laborum velit dignissimos ducimus.', 5, '2023-10-02 07:08:01', '2023-10-02 07:08:01'),
(92, 71, 'Casimir Nienow', 'Laborum mollitia repudiandae qui voluptatem voluptatem. Consequatur modi incidunt adipisci nobis ea cupiditate incidunt. Repellendus veniam est nemo quia impedit dignissimos.', 5, '2023-10-02 07:08:01', '2023-10-02 07:08:01'),
(93, 97, 'Peyton Will', 'Expedita dolorem rem consequatur consectetur. Illo enim beatae ducimus magni. Voluptatum sit dolor quas praesentium.', 3, '2023-10-02 07:08:01', '2023-10-02 07:08:01'),
(94, 17, 'Lilly Jones', 'Iusto necessitatibus nulla quos tenetur consequatur voluptas error. Exercitationem id non doloremque cupiditate. Aspernatur quasi autem fugit impedit voluptas debitis. Enim et iste perferendis qui vel ipsa dolores.', 5, '2023-10-02 07:08:01', '2023-10-02 07:08:01'),
(95, 11, 'Eve Gutmann', 'Omnis voluptas impedit harum reiciendis et. Occaecati qui harum eos eum aut. Molestiae sint omnis sed magni. Optio non soluta quasi nihil consequatur consequatur maxime. Doloremque enim error voluptas reprehenderit.', 1, '2023-10-02 07:08:01', '2023-10-02 07:08:01'),
(96, 13, 'Joan Marquardt', 'Quas nulla iste at nam dignissimos temporibus. Ab cumque facilis qui autem neque ut. Est ut amet rerum dolor molestiae. Quae perspiciatis voluptas quo non. Velit quaerat aut esse similique.', 5, '2023-10-02 07:08:01', '2023-10-02 07:08:01'),
(97, 76, 'Kaleb Lemke', 'Minus voluptas culpa dolor possimus molestiae. Tenetur adipisci excepturi animi maiores. Dolor corporis quo sed qui consequatur.', 3, '2023-10-02 07:08:01', '2023-10-02 07:08:01'),
(98, 10, 'Rozella Turcotte', 'Qui et molestias ut sapiente quibusdam quis pariatur. Rerum accusamus natus tempore consequuntur consequatur temporibus. Cumque eaque nostrum et aut. Tenetur voluptatem ullam et sint magnam dicta. Est rem assumenda quod itaque libero dolor illo.', 1, '2023-10-02 07:08:01', '2023-10-02 07:08:01'),
(99, 62, 'Corine Lebsack V', 'Sapiente officiis non est consectetur magni recusandae aut. Quos corrupti quae magnam laboriosam aut deserunt ut. Aut ex sapiente sit qui quisquam. Blanditiis et ut est.', 0, '2023-10-02 07:08:01', '2023-10-02 07:08:01'),
(100, 52, 'Ms. Misty Heaney', 'Possimus iste eum sequi. Ut nihil eligendi qui molestias. Tempora assumenda laudantium autem ratione. Autem odit ut voluptates quia error sed.', 3, '2023-10-02 07:08:01', '2023-10-02 07:08:01'),
(101, 23, 'Dr. Anastacio Wilderman I', 'Ab aspernatur minus facere qui quam. Quia culpa error sapiente quae. Esse quo dolorem labore illo iusto quo.', 4, '2023-10-02 07:08:01', '2023-10-02 07:08:01'),
(102, 77, 'Prof. Nolan Konopelski PhD', 'Et quas repellendus quod corrupti aut dolor facere. Et aut facilis et eaque nihil est.', 4, '2023-10-02 07:08:01', '2023-10-02 07:08:01'),
(103, 99, 'Leonora Tromp', 'Tempore nesciunt numquam molestias id porro. Dolor adipisci nemo deserunt nam praesentium dolorum.', 5, '2023-10-02 07:08:01', '2023-10-02 07:08:01'),
(104, 84, 'Francis Keebler', 'Maiores temporibus explicabo expedita dolorem occaecati. Dolor vel repudiandae rem qui illum. Eaque autem ea suscipit laudantium.', 0, '2023-10-02 07:08:01', '2023-10-02 07:08:01'),
(105, 48, 'Marco Streich', 'Adipisci non expedita consequatur sint. Modi nam dolorem dolore qui occaecati veritatis hic. Distinctio qui dolorum ut laborum neque voluptates cupiditate. Cupiditate voluptas omnis quis sit dolores non quibusdam commodi.', 3, '2023-10-02 07:08:01', '2023-10-02 07:08:01'),
(106, 44, 'Wendell Franecki', 'At sed quo facilis corporis tenetur dolor. Reprehenderit maxime consectetur in id nesciunt perspiciatis. Beatae voluptatum illo omnis iusto eligendi iure non odit. Iusto natus voluptas iure est ut sit molestiae.', 0, '2023-10-02 07:08:01', '2023-10-02 07:08:01'),
(107, 78, 'Dr. Elisabeth Miller Jr.', 'Occaecati sapiente tempora sed temporibus est quae. Molestiae omnis quam veritatis in id ut atque. Qui ut sint aperiam facilis libero.', 5, '2023-10-02 07:08:01', '2023-10-02 07:08:01'),
(108, 87, 'Genevieve Kihn', 'Omnis doloribus et ipsa aut. Odio et culpa quam. Omnis harum facere odit id odit sed ipsa iure. Consequatur enim ex eius repudiandae id.', 1, '2023-10-02 07:08:01', '2023-10-02 07:08:01'),
(109, 35, 'Dave Kassulke', 'Dolorem hic veniam adipisci minus sed quidem. Veritatis quis qui eaque ea ex. Molestiae doloremque enim odit fuga perspiciatis. At quia sed perferendis quas neque. Ut ad expedita necessitatibus mollitia unde ab dicta.', 3, '2023-10-02 07:08:01', '2023-10-02 07:08:01'),
(110, 14, 'Dr. Mose Mohr', 'Sed commodi corrupti fugit consequuntur quisquam. Quaerat ab ut est maxime provident officia quaerat nobis. Quia voluptatum consectetur voluptas ipsa officiis assumenda dolores quia. Sit nemo illo magnam dolorem itaque quibusdam possimus debitis.', 2, '2023-10-02 07:08:01', '2023-10-02 07:08:01'),
(111, 4, 'Miss Earline Bergstrom V', 'Voluptatem et in et. Dolorem consequatur voluptas aut earum. Nostrum voluptatibus omnis dolor non et. Ut incidunt velit omnis voluptatem aut soluta.', 3, '2023-10-02 07:08:01', '2023-10-02 07:08:01'),
(112, 81, 'Kiera Turner', 'Aliquam doloribus recusandae fuga velit voluptatibus veritatis ad. Aut et illum exercitationem dolore sunt quos dolor. Animi recusandae laudantium aut non.', 4, '2023-10-02 07:08:01', '2023-10-02 07:08:01'),
(113, 24, 'Jennifer Ebert', 'Et aut dolore sint voluptas. Odit enim earum voluptatum aliquam velit. Corrupti unde maxime praesentium dolor voluptas ex quis.', 5, '2023-10-02 07:08:01', '2023-10-02 07:08:01'),
(114, 82, 'Krista O\'Conner', 'Aut cum at aut officia. Voluptatibus omnis accusamus voluptatum possimus eligendi eum repellat.', 5, '2023-10-02 07:08:01', '2023-10-02 07:08:01'),
(115, 55, 'Nelson Prosacco II', 'Molestias est ut numquam quam sapiente itaque sit. Laboriosam amet beatae officia eveniet omnis ut velit laudantium. Quia saepe quis vel et ratione reprehenderit repellat. Enim ad enim enim sint.', 0, '2023-10-02 07:08:01', '2023-10-02 07:08:01'),
(116, 68, 'Mrs. Velva Murphy', 'Rerum maxime neque veniam id et et. Est rerum ducimus beatae recusandae voluptas. Quo distinctio iusto quasi. Rerum inventore excepturi voluptatum.', 3, '2023-10-02 07:08:01', '2023-10-02 07:08:01'),
(117, 5, 'Elvera Leffler', 'Perferendis aut amet quia quae porro fuga voluptatem fuga. Ea et aut ut ex mollitia qui sequi sapiente. Harum ullam sunt nostrum laborum dicta consequatur. Qui sapiente officia culpa aspernatur quaerat ex culpa.', 3, '2023-10-02 07:08:01', '2023-10-02 07:08:01'),
(118, 73, 'Dr. Hester O\'Hara DDS', 'Quia excepturi recusandae dolorem quis nihil maxime. Dolorum doloremque ab rerum enim harum sed. Similique dolore vero dolor explicabo debitis sint doloremque. Incidunt in dicta voluptates aut veniam quasi.', 4, '2023-10-02 07:08:01', '2023-10-02 07:08:01'),
(119, 9, 'Mr. Dee Treutel MD', 'Est dignissimos et rem tenetur voluptate harum exercitationem. Eum porro corrupti voluptatum laudantium consequatur. Et id eaque aperiam quidem quia nobis similique minima. Ea dicta sint quaerat harum quos excepturi nemo dolores.', 0, '2023-10-02 07:08:01', '2023-10-02 07:08:01'),
(120, 56, 'Miss Imogene Kozey MD', 'Omnis sunt qui expedita dolores cumque voluptates. Excepturi voluptatem rerum non dignissimos error. A qui quia ut pariatur officiis.', 5, '2023-10-02 07:08:01', '2023-10-02 07:08:01'),
(121, 93, 'Fay Jacobs', 'Nobis facilis recusandae consequatur quia. Et consequatur et quo unde aut. Autem voluptatibus ratione dolorem quisquam non hic dolores.', 5, '2023-10-02 07:08:01', '2023-10-02 07:08:01'),
(122, 43, 'Olin McKenzie', 'Iste officiis minima soluta aut voluptatum neque aut. Rerum nobis voluptatem rem temporibus quos. Nihil alias possimus odio nihil autem mollitia.', 0, '2023-10-02 07:08:01', '2023-10-02 07:08:01'),
(123, 48, 'Alfredo Rolfson', 'Expedita est molestiae aut culpa. Quos aspernatur libero unde enim vitae.', 4, '2023-10-02 07:08:01', '2023-10-02 07:08:01'),
(124, 77, 'Prof. Preston Nicolas', 'Rerum sit id cum dolore. Sequi molestiae mollitia autem hic assumenda. Omnis veritatis quasi at nihil sapiente ipsam. Nemo et omnis praesentium occaecati enim tenetur.', 5, '2023-10-02 07:08:01', '2023-10-02 07:08:01'),
(125, 13, 'Jerod Bashirian', 'Ut dolores voluptatem odit aut voluptas sint. Modi laborum rerum excepturi optio placeat sint mollitia. Et dignissimos ut dicta. Quo autem accusamus fugiat et consequatur exercitationem.', 1, '2023-10-02 07:08:01', '2023-10-02 07:08:01'),
(126, 27, 'Erick Walker', 'Iste rerum atque aut sed dolore consequatur voluptatem. Dolor et est aut culpa corporis. Qui cumque minus possimus hic necessitatibus ad voluptas quia.', 3, '2023-10-02 07:08:01', '2023-10-02 07:08:01'),
(127, 7, 'Mrs. Ashlynn Kreiger', 'Modi aut nesciunt quasi voluptatem dolores pariatur. Dolores quis nihil dolore dolore. Sed dicta voluptatem quos nesciunt. Possimus doloribus repudiandae earum odio ipsa ex. Earum laudantium omnis dolores corporis tempore.', 0, '2023-10-02 07:08:01', '2023-10-02 07:08:01'),
(128, 69, 'Kale Gottlieb', 'Non et facilis totam sed sit. Sequi aut fugiat tenetur nesciunt. Reprehenderit sed ut voluptates amet minima.', 2, '2023-10-02 07:08:01', '2023-10-02 07:08:01'),
(129, 76, 'Dr. Elvis Klocko IV', 'Aperiam nemo iusto dolor ipsam quibusdam odio corporis. Rerum et harum suscipit. Exercitationem nihil sunt est exercitationem necessitatibus ut.', 4, '2023-10-02 07:08:01', '2023-10-02 07:08:01'),
(130, 100, 'Dr. Fannie Jaskolski Sr.', 'Vitae ut ut sed deleniti blanditiis quis nostrum. Ullam nulla et officiis mollitia et est. Et et soluta a minima odit excepturi delectus dignissimos. Aut rem voluptatem excepturi et ducimus.', 1, '2023-10-02 07:08:01', '2023-10-02 07:08:01'),
(131, 66, 'Damien Ferry', 'Quia maiores inventore enim sit autem. Labore beatae assumenda velit molestias. Alias sint voluptas natus quaerat deserunt dolore. Nostrum explicabo suscipit recusandae officia voluptates omnis dicta.', 0, '2023-10-02 07:08:01', '2023-10-02 07:08:01'),
(132, 34, 'Dr. Bertrand Farrell', 'Deserunt est deleniti perspiciatis accusantium. Odit aperiam rerum incidunt non maxime occaecati. Laboriosam quia accusantium reprehenderit aliquid omnis voluptas.', 3, '2023-10-02 07:08:01', '2023-10-02 07:08:01'),
(133, 37, 'Dr. Francis Kreiger', 'Architecto vel tempora fugiat sint sapiente. Amet harum voluptates iure dolor nesciunt officia. Ad neque et sed ut voluptas. Occaecati est iste et at consequuntur aliquam hic quia.', 5, '2023-10-02 07:08:01', '2023-10-02 07:08:01'),
(134, 58, 'Melba Waelchi', 'Ratione velit nam architecto doloribus neque. Doloremque accusantium tenetur et amet laboriosam libero distinctio. At ut nobis repudiandae et eum porro. Quia qui sunt quasi non dolores soluta.', 4, '2023-10-02 07:08:01', '2023-10-02 07:08:01'),
(135, 99, 'D\'angelo Zieme II', 'Voluptates aut sit quos aspernatur consectetur sunt aliquid. Quisquam similique laborum ad cupiditate. Reprehenderit voluptas dolores repudiandae voluptatibus sunt nihil.', 1, '2023-10-02 07:08:01', '2023-10-02 07:08:01'),
(136, 51, 'Devan O\'Reilly', 'Rerum vero laudantium est. Eveniet sequi atque facilis esse voluptas temporibus. Quisquam tempora exercitationem deleniti et. Molestiae velit iste quia dolor deleniti.', 2, '2023-10-02 07:08:01', '2023-10-02 07:08:01'),
(137, 6, 'Einar Kuhn', 'Tenetur delectus est consequuntur nesciunt qui quia. Aut veritatis rem et possimus. Praesentium qui sed incidunt vero velit dolorum inventore. Sunt molestias voluptas nostrum occaecati qui inventore voluptas.', 0, '2023-10-02 07:08:01', '2023-10-02 07:08:01'),
(138, 66, 'Dante Green', 'Libero sed rem quo est veritatis illo omnis deserunt. Incidunt aut voluptas sunt qui. Eaque vero ducimus error totam.', 1, '2023-10-02 07:08:01', '2023-10-02 07:08:01'),
(139, 62, 'Therese Rice IV', 'Veniam hic quia laborum alias eius. Rerum ut neque a unde minus ad ratione aliquid. Commodi dolorum id vitae est ut. Ipsa molestias omnis ratione omnis vitae. Est sunt deserunt porro consectetur dolores.', 1, '2023-10-02 07:08:01', '2023-10-02 07:08:01'),
(140, 20, 'Ettie Renner', 'Dolore enim animi sed omnis. Quisquam blanditiis ducimus quasi accusamus enim. Similique asperiores quo nam quia veniam.', 3, '2023-10-02 07:08:01', '2023-10-02 07:08:01'),
(141, 48, 'Arlene Lemke', 'Eos autem ducimus quam magni. A reprehenderit vero et ratione error aut consectetur. Et facere porro eius illum repellendus et corporis. Occaecati accusamus aut laudantium molestiae officia sint eum.', 0, '2023-10-02 07:08:01', '2023-10-02 07:08:01'),
(142, 24, 'Elijah Turcotte', 'A ipsam in qui omnis nulla in unde doloribus. Atque modi unde dolor error. Quia pariatur odit quidem et.', 5, '2023-10-02 07:08:01', '2023-10-02 07:08:01'),
(143, 7, 'Simeon Towne', 'Libero voluptas vitae non consequuntur porro sit. Deleniti et et blanditiis vel et commodi fugiat. Quis veniam et quasi corporis dicta sit qui. Est sed incidunt suscipit quibusdam ut incidunt.', 2, '2023-10-02 07:08:01', '2023-10-02 07:08:01'),
(144, 47, 'Ruthe Ebert Sr.', 'Aut blanditiis eveniet et quia. Corporis dolores rerum nihil eum ex magni. Soluta nihil incidunt rerum voluptatibus.', 3, '2023-10-02 07:08:01', '2023-10-02 07:08:01'),
(145, 70, 'Prof. Emmitt Kozey', 'Hic quia impedit eum quibusdam odio. Eos dolorem libero dolor sint quam incidunt numquam. Aspernatur illo autem eum eaque amet distinctio.', 5, '2023-10-02 07:08:01', '2023-10-02 07:08:01'),
(146, 32, 'Toney Mertz', 'Molestias rerum quas sunt amet magnam sed quia. Est quam porro possimus et amet dolores. Animi nihil iste ut harum est laudantium. Et voluptatem dolor qui id laudantium occaecati.', 0, '2023-10-02 07:08:01', '2023-10-02 07:08:01'),
(147, 56, 'Judy Swift', 'Officiis non architecto distinctio eius ad temporibus. Pariatur est magnam impedit id quos recusandae sit. Necessitatibus at saepe enim nam magni enim. Debitis eum at et eligendi rerum.', 5, '2023-10-02 07:08:01', '2023-10-02 07:08:01'),
(148, 77, 'Prof. Alicia Gusikowski PhD', 'Rem ipsam repellat itaque aut voluptas veritatis aperiam. Sequi non animi itaque est. Saepe ut at ipsam nostrum minima qui dolorem. Sunt repudiandae eum ut dolor.', 4, '2023-10-02 07:08:01', '2023-10-02 07:08:01'),
(149, 81, 'Dr. Karolann Hettinger', 'Ducimus porro est eligendi necessitatibus. Optio ut provident fugiat laboriosam praesentium quam.', 2, '2023-10-02 07:08:01', '2023-10-02 07:08:01'),
(150, 19, 'Jean Gusikowski', 'Rerum quos accusantium minus quod animi ipsum deleniti. In doloremque mollitia consequatur reiciendis et accusamus culpa. At consequatur voluptatem veniam ut numquam fugiat vero iste.', 2, '2023-10-02 07:08:01', '2023-10-02 07:08:01'),
(151, 76, 'Prof. Juvenal Moore II', 'Eligendi sit nihil pariatur accusantium similique est ut. Porro animi debitis autem nam molestiae adipisci. Harum ipsa nemo corporis vel pariatur. Laborum et possimus non recusandae dolor et cupiditate.', 2, '2023-10-02 07:08:01', '2023-10-02 07:08:01'),
(152, 3, 'Bria Lynch', 'Unde maxime quis optio qui dolores aliquam. Nemo et vel sed cum qui ut.', 2, '2023-10-02 07:08:01', '2023-10-02 07:08:01'),
(153, 75, 'Daisha Kshlerin', 'Molestiae tenetur blanditiis recusandae animi et doloremque odit. Placeat aspernatur at voluptate itaque. Ullam dolorum atque alias quo sapiente quae accusamus.', 3, '2023-10-02 07:08:01', '2023-10-02 07:08:01'),
(154, 64, 'Domenic Kerluke', 'Ea eveniet architecto non voluptatem iure. Dolore alias consequatur tempore commodi quae. Quo quibusdam doloremque aut temporibus quidem. Sit est qui laudantium id. Molestias ea et tempore assumenda fuga dolor quisquam.', 2, '2023-10-02 07:08:01', '2023-10-02 07:08:01'),
(155, 19, 'Maybell Littel', 'Necessitatibus non sequi voluptatem et voluptatem eum dicta. Accusantium non ducimus eum vel. Omnis id qui excepturi ut quaerat non. Est blanditiis voluptas voluptas minus quis non.', 0, '2023-10-02 07:08:01', '2023-10-02 07:08:01'),
(156, 14, 'Margie Kiehn IV', 'Magnam nostrum molestias porro exercitationem hic eligendi distinctio adipisci. Laudantium est reprehenderit atque soluta accusamus. Quod sed sit consectetur officiis.', 1, '2023-10-02 07:08:01', '2023-10-02 07:08:01'),
(157, 1, 'Monty Rippin', 'Amet rerum aliquam omnis. Temporibus autem delectus doloribus nisi eaque labore magnam laboriosam. Enim iure enim libero doloribus molestiae voluptas. Est et enim corporis deleniti fugit.', 1, '2023-10-02 07:08:01', '2023-10-02 07:08:01'),
(158, 99, 'Alexanne Champlin', 'Sit quisquam ut qui hic magnam et. Itaque officiis doloremque velit facere consequatur reiciendis. Voluptatibus incidunt et quia vitae in debitis cumque. Doloremque eius laboriosam ad expedita omnis et cum. Pariatur veritatis ipsam ut molestias.', 3, '2023-10-02 07:08:01', '2023-10-02 07:08:01'),
(159, 35, 'Maxwell Raynor', 'Voluptatem consequatur explicabo repellendus qui alias. Vero omnis incidunt non porro. Ea ab corporis rerum qui quisquam voluptatem est. Illo error aperiam quia vitae libero.', 5, '2023-10-02 07:08:01', '2023-10-02 07:08:01'),
(160, 53, 'Marina Schulist', 'Provident est possimus suscipit est. Veritatis maiores odio ut accusantium temporibus provident. Soluta expedita ea deserunt quidem rerum.', 1, '2023-10-02 07:08:01', '2023-10-02 07:08:01'),
(161, 66, 'Ebba Rath V', 'Et in consequuntur explicabo. Aut ut corrupti consequatur inventore repudiandae. Sequi ipsum iure omnis non. Nobis sunt aut est sed.', 2, '2023-10-02 07:08:01', '2023-10-02 07:08:01'),
(162, 94, 'Orpha Cronin', 'Est delectus aut doloribus doloribus. Consequuntur beatae sit blanditiis molestias quod dolorem laboriosam itaque. Incidunt libero omnis assumenda est.', 2, '2023-10-02 07:08:01', '2023-10-02 07:08:01'),
(163, 76, 'Frances Sanford', 'Voluptatem dolore maxime culpa repellendus. Enim voluptatem aut error eaque libero itaque. Eum perferendis quibusdam dignissimos reprehenderit qui.', 0, '2023-10-02 07:08:01', '2023-10-02 07:08:01'),
(164, 19, 'Miss Nyah Schimmel', 'Consectetur aut enim vel nulla a velit. Est voluptas atque odit illum. Nam consequatur voluptatem voluptatem nulla harum fuga non. Qui perferendis eius nesciunt ut corporis iusto molestiae.', 5, '2023-10-02 07:08:01', '2023-10-02 07:08:01'),
(165, 3, 'Myrtie Renner', 'Quis ratione est unde eius. Provident quam qui deserunt at consequatur. Libero atque alias eum quo inventore voluptatibus maiores.', 3, '2023-10-02 07:08:01', '2023-10-02 07:08:01'),
(166, 8, 'Alia Goldner', 'Similique aut deserunt delectus repellendus alias consequatur. Velit fuga et iusto harum ea corrupti.', 1, '2023-10-02 07:08:01', '2023-10-02 07:08:01'),
(167, 34, 'Ms. Addie Durgan Sr.', 'Vitae suscipit quia aliquid impedit quisquam autem. Sequi esse enim iste repellat. Eaque ut possimus voluptas tempore omnis ipsum repellat.', 4, '2023-10-02 07:08:01', '2023-10-02 07:08:01'),
(168, 35, 'Kayleigh Dare', 'Officiis nostrum explicabo maiores dolore aliquam. Eum nostrum ratione voluptatibus distinctio sed non. Dolorem eum nihil adipisci laudantium rerum illum.', 3, '2023-10-02 07:08:01', '2023-10-02 07:08:01'),
(169, 15, 'Raina Nolan', 'Et voluptas blanditiis ut deleniti ut eum officia. Qui a rerum perferendis et omnis ad. Eum consequuntur libero ut quia dolores id. Aut pariatur placeat et et dolorem.', 0, '2023-10-02 07:08:01', '2023-10-02 07:08:01'),
(170, 71, 'Earnestine Cruickshank II', 'Cum ipsam et quis harum est impedit maiores. Sed velit consectetur occaecati eum.', 1, '2023-10-02 07:08:01', '2023-10-02 07:08:01'),
(171, 48, 'Casimir Franecki I', 'Aspernatur nostrum nihil odio labore. Amet temporibus tempora cumque deserunt voluptas quibusdam non. Nesciunt repellat sunt harum dolore aspernatur earum. Consequatur est et tenetur aliquam quas eius.', 1, '2023-10-02 07:08:01', '2023-10-02 07:08:01'),
(172, 37, 'Lorenz King', 'Quam at inventore qui nam maxime laudantium. Doloremque quia alias laboriosam eum quibusdam perspiciatis repudiandae iure. Ut incidunt deleniti provident ut.', 0, '2023-10-02 07:08:01', '2023-10-02 07:08:01'),
(173, 40, 'Opal Wolff', 'Est occaecati nesciunt vitae eos. Officia aut qui voluptatem magni voluptatem deserunt. Qui aperiam quod labore earum asperiores.', 0, '2023-10-02 07:08:01', '2023-10-02 07:08:01'),
(174, 64, 'Birdie Olson', 'Qui odit non voluptas consequuntur voluptatem aut enim vel. Quia fuga quia odio exercitationem. Voluptatem unde tenetur adipisci voluptates incidunt nostrum. Adipisci suscipit possimus rem nemo voluptatem ratione.', 2, '2023-10-02 07:08:01', '2023-10-02 07:08:01'),
(175, 68, 'Dr. Demarcus Legros PhD', 'Doloremque vero enim expedita quaerat sapiente mollitia autem. Impedit explicabo consequuntur eligendi fugiat. Doloremque sed dolorum ut expedita optio totam. Vel commodi ut qui nihil ut a aliquid distinctio. Unde iste qui ab.', 2, '2023-10-02 07:08:01', '2023-10-02 07:08:01'),
(176, 54, 'Christelle Bernhard', 'Eaque delectus eveniet iste. Maiores tenetur porro dicta. Officiis sequi et eum velit quidem quis eos culpa. Rerum consequatur velit minima laborum atque temporibus. Est doloribus possimus et nam.', 1, '2023-10-02 07:08:01', '2023-10-02 07:08:01'),
(177, 44, 'Elyse Bradtke', 'Accusamus aperiam sapiente repellendus consequatur aperiam quisquam. Aut numquam consequatur assumenda explicabo voluptatem. Eum ipsa voluptates provident incidunt eum eos.', 0, '2023-10-02 07:08:01', '2023-10-02 07:08:01'),
(178, 62, 'Dr. Lottie Crona', 'Sed iste magni dicta. Consequatur dignissimos ut pariatur veniam id dolor. Repellendus totam sunt temporibus veniam consequatur id quas vitae. Est deleniti explicabo explicabo et nam libero.', 2, '2023-10-02 07:08:01', '2023-10-02 07:08:01'),
(179, 49, 'Prof. Stan Volkman Sr.', 'Reprehenderit deleniti illum veritatis iste asperiores quia asperiores sed. Adipisci et molestiae vero aut harum dolorem. Et id tempore placeat accusantium est dolor occaecati. Error ducimus ipsum nisi ea.', 1, '2023-10-02 07:08:01', '2023-10-02 07:08:01'),
(180, 66, 'Muriel Jakubowski MD', 'Veritatis aut modi rerum sed possimus quibusdam iusto aut. Qui ratione rerum quibusdam non recusandae maxime. Consectetur totam consequatur voluptas quia ea iste quis doloremque.', 3, '2023-10-02 07:08:01', '2023-10-02 07:08:01'),
(181, 10, 'Dr. Rosella O\'Connell', 'Sed dolor eum velit omnis molestias id. Ex molestiae quia repellendus recusandae. Ut voluptatem cupiditate beatae quia illo.', 3, '2023-10-02 07:08:01', '2023-10-02 07:08:01'),
(182, 34, 'Wyatt Russel', 'Iusto similique voluptate quia omnis suscipit est. Necessitatibus voluptatem quibusdam amet non id voluptatem. Eaque occaecati et tempora deleniti voluptatem.', 0, '2023-10-02 07:08:01', '2023-10-02 07:08:01'),
(183, 40, 'Dr. Earline Weissnat', 'Architecto iusto numquam ipsum dicta. Quo et accusantium laboriosam esse numquam maiores. Aspernatur ex voluptatem eveniet quas. Aut vel nisi error ex qui aspernatur non ut.', 3, '2023-10-02 07:08:01', '2023-10-02 07:08:01'),
(184, 27, 'Zita Ledner', 'Commodi odio eos aut sequi molestias corrupti facere voluptatem. Ut totam provident iusto quibusdam. Corrupti laudantium voluptatem eos ut esse. Aperiam repudiandae quaerat aspernatur ipsum illo aliquam minima.', 5, '2023-10-02 07:08:01', '2023-10-02 07:08:01'),
(185, 46, 'Prof. Hilario Lebsack', 'Sed quidem qui soluta provident. Fuga voluptatem repellendus voluptate aperiam reiciendis culpa. Architecto repellat illo asperiores tenetur. Sed facere non iusto totam.', 0, '2023-10-02 07:08:01', '2023-10-02 07:08:01'),
(186, 19, 'Queen Hand Jr.', 'Et suscipit commodi ut perferendis dolorum. Minus labore error eos illum ullam ut. Excepturi eveniet aspernatur sed optio. Corrupti rerum qui aspernatur odio itaque aspernatur nemo.', 3, '2023-10-02 07:08:01', '2023-10-02 07:08:01'),
(187, 7, 'Dr. Jamison Glover', 'Aut at quaerat laboriosam deserunt. Earum odit possimus molestias doloremque. Sed corporis quod repellendus.', 0, '2023-10-02 07:08:01', '2023-10-02 07:08:01'),
(188, 12, 'Mrs. Heather Upton', 'Nihil error libero et sint quia. Deleniti et numquam nostrum ratione. Et at impedit voluptatibus nulla. Consectetur voluptas delectus expedita rerum soluta magni.', 1, '2023-10-02 07:08:01', '2023-10-02 07:08:01'),
(189, 81, 'Jamie Jacobi', 'Modi animi non quas ducimus qui. Dolores magnam magnam sequi sed. Deserunt quibusdam est aut aut quis ratione eos. Recusandae ad accusantium velit vero. Soluta est sequi accusamus dolorum quae esse qui.', 3, '2023-10-02 07:08:01', '2023-10-02 07:08:01'),
(190, 60, 'Liliana Gorczany', 'Totam nobis doloribus est cupiditate. Enim ducimus maxime doloremque. Et consequatur quo et et et.', 3, '2023-10-02 07:08:01', '2023-10-02 07:08:01'),
(191, 88, 'Mrs. Modesta Kirlin V', 'Et voluptas voluptatem sed nihil dicta magni. Reprehenderit beatae qui nesciunt sint ut fugit consequuntur.', 5, '2023-10-02 07:08:01', '2023-10-02 07:08:01'),
(192, 69, 'Miss Wendy Luettgen DVM', 'Ut libero nihil quia aliquam. Vitae labore minus et et. Iusto rem qui quia voluptate deserunt. Corporis dolorem aspernatur doloremque animi accusamus vel sint.', 1, '2023-10-02 07:08:01', '2023-10-02 07:08:01'),
(193, 93, 'Prof. Keith Gottlieb IV', 'Quas in aut exercitationem reprehenderit aut aperiam et suscipit. Sed nemo qui ut repellendus voluptatum rerum. Quaerat aliquid molestiae excepturi repellendus deleniti.', 3, '2023-10-02 07:08:01', '2023-10-02 07:08:01'),
(194, 67, 'Kristofer Breitenberg', 'Sed impedit ut vero nihil. Consequatur facere dolores facere aliquam. Odio temporibus accusamus eum nam sapiente atque.', 3, '2023-10-02 07:08:01', '2023-10-02 07:08:01'),
(195, 60, 'Wilma Schaden', 'Aliquid qui magni dolores. Qui iure quibusdam sapiente accusamus. Quo ratione sit ullam voluptas aliquid. Sequi eos provident ea aliquam cumque ut qui.', 1, '2023-10-02 07:08:01', '2023-10-02 07:08:01'),
(196, 31, 'Candice Reilly III', 'Voluptatem sint officiis odit ab sed sit molestiae. Voluptas id quia fugiat et consectetur.', 0, '2023-10-02 07:08:01', '2023-10-02 07:08:01'),
(197, 31, 'Beryl Kertzmann', 'Molestias exercitationem ut totam. Reprehenderit alias doloremque velit autem perferendis et quia. Dicta aut dolores culpa. Nobis expedita laudantium necessitatibus odit adipisci dolorem quae.', 4, '2023-10-02 07:08:01', '2023-10-02 07:08:01'),
(198, 49, 'Prof. Baylee Watsica III', 'Et consequatur minima consequatur libero modi. Et ullam placeat reprehenderit aut reprehenderit omnis. Quidem eligendi in consectetur vero dolor.', 3, '2023-10-02 07:08:01', '2023-10-02 07:08:01'),
(199, 13, 'Daryl Bahringer', 'Et maiores similique cupiditate ea perferendis totam. Numquam error non unde blanditiis quia. Et ab error aspernatur quisquam reiciendis. Aut nulla quisquam deleniti aliquid ut modi adipisci.', 1, '2023-10-02 07:08:01', '2023-10-02 07:08:01'),
(200, 3, 'Aylin Hettinger', 'Aperiam accusamus modi nihil eligendi sed vitae nam. Sunt ducimus odio minus assumenda. Et sed placeat id.', 5, '2023-10-02 07:08:01', '2023-10-02 07:08:01'),
(201, 1, 'Dr. Ova Dooley', 'Velit omnis voluptatem et qui. Optio et modi deleniti et dolorem. Molestiae eum aspernatur sit temporibus ut dolores iusto. Laboriosam et sint libero reiciendis.', 5, '2023-10-02 07:08:01', '2023-10-02 07:08:01'),
(202, 64, 'Kelli Schultz', 'Voluptate atque nisi soluta quisquam. Provident facere velit excepturi laboriosam amet molestiae. Aperiam quo delectus adipisci impedit sed odio nihil.', 4, '2023-10-02 07:08:01', '2023-10-02 07:08:01'),
(203, 5, 'Emanuel Weimann Jr.', 'Cupiditate modi distinctio illum sequi sapiente corporis incidunt. Laboriosam alias deleniti unde voluptate aut ratione. Veniam deserunt commodi necessitatibus. Odit labore alias veritatis ut consequatur tenetur at.', 4, '2023-10-02 07:08:01', '2023-10-02 07:08:01'),
(204, 30, 'Clifford Schamberger', 'Animi amet quod voluptate maiores minima quas. Voluptate deserunt iure perspiciatis accusamus tenetur exercitationem. Ea itaque at voluptatem veritatis voluptatum quisquam. Corporis cumque temporibus praesentium repudiandae dolores nesciunt.', 1, '2023-10-02 07:08:01', '2023-10-02 07:08:01'),
(205, 29, 'Dr. Kelvin Johns I', 'Ullam aut perferendis dolor. Molestiae libero nulla architecto deserunt harum quia assumenda.', 2, '2023-10-02 07:08:01', '2023-10-02 07:08:01'),
(206, 34, 'Dr. Dannie Nader', 'Et in architecto magni est sit architecto. Id adipisci dolorum dolores placeat veritatis quas atque maxime. Eius molestias nemo adipisci. Iusto quia odio molestiae nulla sint.', 3, '2023-10-02 07:08:01', '2023-10-02 07:08:01'),
(207, 5, 'Jena Altenwerth', 'Optio necessitatibus mollitia id sed et facilis quidem repellat. Quia ut nesciunt est velit beatae. Unde totam distinctio est asperiores atque quaerat sed. Aut alias et reiciendis ut.', 3, '2023-10-02 07:08:01', '2023-10-02 07:08:01');
INSERT INTO `reviews` (`id`, `product_id`, `customer`, `review`, `star`, `created_at`, `updated_at`) VALUES
(208, 96, 'Jaylen Gibson', 'Laborum aut unde assumenda cupiditate aut sint non. Non nulla doloribus et eius magnam eligendi perspiciatis delectus. In nobis deserunt voluptatum eos omnis est hic. Libero illo quam delectus fugiat occaecati.', 3, '2023-10-02 07:08:01', '2023-10-02 07:08:01'),
(209, 32, 'Rex Raynor', 'Sit id error debitis eum et natus. Atque eum non et saepe. Similique pariatur placeat error impedit.', 3, '2023-10-02 07:08:01', '2023-10-02 07:08:01'),
(210, 21, 'Linnea Price', 'Eum ipsa neque perferendis amet rerum quos dicta. Molestias officia tempora voluptate. Deleniti asperiores excepturi voluptas quibusdam. Voluptatum quisquam facilis omnis.', 2, '2023-10-02 07:08:01', '2023-10-02 07:08:01'),
(211, 28, 'Russel Smitham', 'Qui nobis fugiat harum assumenda cum. Repudiandae maxime voluptatem voluptas accusamus ratione provident. Et corporis sint qui dolores doloremque voluptatem non. Ut repudiandae reiciendis et aperiam.', 3, '2023-10-02 07:08:01', '2023-10-02 07:08:01'),
(212, 47, 'Brenda O\'Kon', 'Aut officiis minima iste dignissimos consequatur. Optio sunt aut sint pariatur id quidem. Quis rerum dicta dolor accusamus velit enim. Qui quaerat libero nobis sint fugiat id.', 4, '2023-10-02 07:08:01', '2023-10-02 07:08:01'),
(213, 28, 'Sibyl Kutch', 'Possimus maxime quaerat facilis consequatur tempora eum. Iusto id sit sunt nobis vero. Molestiae dolor incidunt fugit vel. Rem earum aliquid ea officiis.', 0, '2023-10-02 07:08:01', '2023-10-02 07:08:01'),
(214, 53, 'Liam King', 'Veniam autem inventore deleniti tempora quod. Beatae mollitia ea in eum aliquam tenetur. Debitis saepe dicta officia veritatis sed asperiores soluta eligendi. Rerum mollitia ut blanditiis sunt id esse.', 2, '2023-10-02 07:08:01', '2023-10-02 07:08:01'),
(215, 46, 'Claude Blick', 'Doloribus voluptatibus blanditiis itaque quaerat et. Voluptatem dolorem omnis et dolor sed eos iure. Accusamus dolorem sint voluptas iusto aspernatur sed.', 3, '2023-10-02 07:08:01', '2023-10-02 07:08:01'),
(216, 67, 'Berta Jast', 'Placeat impedit nam et harum dolor vero ea dolorum. Iure aut nesciunt aliquid est dolorum qui esse.', 2, '2023-10-02 07:08:01', '2023-10-02 07:08:01'),
(217, 34, 'Wilhelm Terry', 'Dolorum aut debitis omnis aperiam magnam ex voluptatibus voluptatem. Ullam dolorem delectus consequuntur placeat qui aliquid. Mollitia placeat quibusdam voluptates qui accusantium. Necessitatibus omnis ut harum cupiditate magnam est excepturi.', 4, '2023-10-02 07:08:01', '2023-10-02 07:08:01'),
(218, 100, 'Lenora Jacobi', 'Est qui tempora et sunt. Assumenda vel et quis ut explicabo. Id harum neque voluptatem omnis dolores optio dolorum. Officiis quos in ut quam perspiciatis consequatur.', 3, '2023-10-02 07:08:01', '2023-10-02 07:08:01'),
(219, 70, 'Arnulfo Schmitt Jr.', 'Molestiae nam earum beatae aut incidunt rerum. Dolore necessitatibus nisi labore hic consectetur voluptatibus voluptatem. Officia voluptas dignissimos nam autem voluptatibus sapiente enim ullam. Veniam veritatis aspernatur aut veritatis exercitationem molestiae sint saepe.', 1, '2023-10-02 07:08:01', '2023-10-02 07:08:01'),
(220, 92, 'Cecilia Walsh', 'Quibusdam itaque est in. Neque ad illo possimus officia. Ad ullam ea quia et sint assumenda. Iusto a ad modi quasi et totam possimus.', 2, '2023-10-02 07:08:01', '2023-10-02 07:08:01'),
(221, 89, 'Dr. Alan Rodriguez IV', 'Dicta assumenda saepe totam earum ratione. Ut error ea enim ut dolorem. Excepturi ad sit voluptas non.', 1, '2023-10-02 07:08:01', '2023-10-02 07:08:01'),
(222, 24, 'Sarina Franecki', 'Similique sed reprehenderit illum voluptatem. Iusto non error explicabo molestiae id veritatis autem. Aliquam aut ipsam iusto. Aut itaque eos quia atque quos non qui.', 5, '2023-10-02 07:08:01', '2023-10-02 07:08:01'),
(223, 3, 'Nettie Kirlin', 'Rem exercitationem rerum excepturi dolorum quis explicabo beatae. Dolorem odio sunt optio fuga rem voluptatibus ipsa. Soluta placeat blanditiis natus at. Recusandae corporis aut pariatur sed aut consequatur.', 0, '2023-10-02 07:08:01', '2023-10-02 07:08:01'),
(224, 26, 'Kody Howe', 'Sunt officiis atque nisi excepturi. Ullam hic occaecati accusantium recusandae dolore eaque. Accusantium dolor ad quisquam expedita.', 0, '2023-10-02 07:08:01', '2023-10-02 07:08:01'),
(225, 31, 'Enola Cole', 'Inventore adipisci iste nam sed quia. Quasi vel saepe quae iusto voluptatibus. Molestiae reiciendis delectus tempore ut id. Nihil facilis quia vitae autem ad.', 4, '2023-10-02 07:08:01', '2023-10-02 07:08:01'),
(226, 99, 'Samara Armstrong', 'Voluptates natus veritatis distinctio odio nam unde. Laborum exercitationem tempora beatae. Voluptates consectetur non tempora reiciendis placeat deserunt. Magni rerum dolorum quae sapiente rerum laborum. Aut consequatur minima ducimus similique temporibus quia.', 0, '2023-10-02 07:08:01', '2023-10-02 07:08:01'),
(227, 54, 'Dr. Ludwig Ryan Sr.', 'Voluptatem et quis eaque neque modi. Et itaque aliquid aut alias aspernatur. Ratione et sit sit rerum maiores ducimus voluptatibus. Sed aut sequi voluptatem ut corporis eum.', 1, '2023-10-02 07:08:01', '2023-10-02 07:08:01'),
(228, 7, 'Prof. Devan Lesch II', 'Dolorum eius omnis vero et. Aliquam repudiandae repellat reiciendis placeat dolor incidunt. Similique facere velit in aliquam. Rerum voluptas blanditiis et.', 5, '2023-10-02 07:08:01', '2023-10-02 07:08:01'),
(229, 45, 'Miss Janae Wisozk DDS', 'In vel et minima debitis earum dolores corrupti nihil. Animi dolorem quod dicta nostrum. Reiciendis maiores rerum aut aut.', 0, '2023-10-02 07:08:01', '2023-10-02 07:08:01'),
(230, 11, 'Mr. Raoul Tremblay', 'Maiores omnis et nostrum magni ab. Itaque enim totam enim aut harum laudantium in. Maiores nihil perspiciatis facilis debitis. Harum repellat nesciunt at tempora et sint consequatur. Modi nostrum accusamus reprehenderit dolorem veniam dignissimos.', 0, '2023-10-02 07:08:01', '2023-10-02 07:08:01'),
(231, 11, 'Deontae Beier', 'Non illum maiores error repellat est voluptatibus. Vel temporibus aut repellendus quasi repellat. Enim et deleniti adipisci quas.', 5, '2023-10-02 07:08:01', '2023-10-02 07:08:01'),
(232, 18, 'Mr. Hazel Kshlerin', 'Eius voluptatibus vero corporis cupiditate atque. Ut et sit voluptas cum. Et quaerat non nesciunt delectus.', 1, '2023-10-02 07:08:01', '2023-10-02 07:08:01'),
(233, 21, 'Amira Ebert IV', 'Minus distinctio recusandae culpa voluptas. Blanditiis quo facilis quae minima non. Rerum et atque id eaque commodi culpa.', 3, '2023-10-02 07:08:01', '2023-10-02 07:08:01'),
(234, 97, 'Dr. Humberto Tromp III', 'Veniam rerum suscipit rerum enim accusamus. Qui repellat et facere quae qui. Fugiat ea laborum expedita. Omnis eum qui nihil dolor quia.', 5, '2023-10-02 07:08:01', '2023-10-02 07:08:01'),
(235, 47, 'Kamryn Hermann', 'Ipsam delectus omnis modi quidem esse qui. Enim eligendi reiciendis consequatur possimus. Est aut similique incidunt ex repellendus harum vitae.', 2, '2023-10-02 07:08:01', '2023-10-02 07:08:01'),
(236, 93, 'Bettye Wintheiser II', 'Distinctio nostrum reiciendis perspiciatis suscipit vel. Nisi recusandae quidem occaecati sed quod. Quis sit quam excepturi distinctio et exercitationem. Rerum architecto et commodi cum. Corporis in in eligendi et repellat.', 2, '2023-10-02 07:08:01', '2023-10-02 07:08:01'),
(237, 29, 'Erwin Bradtke', 'Et et quia molestiae ea non et. Enim et unde tenetur alias aut. Voluptatem laudantium ab recusandae ipsum fugit similique.', 0, '2023-10-02 07:08:01', '2023-10-02 07:08:01'),
(238, 91, 'Dr. Alba Parisian I', 'Ea expedita voluptas quam voluptas fugit suscipit in nihil. Dolorem eaque provident veniam consequatur. Rerum quibusdam placeat laborum necessitatibus necessitatibus delectus corrupti.', 2, '2023-10-02 07:08:01', '2023-10-02 07:08:01'),
(239, 72, 'Elissa Luettgen', 'Sunt repudiandae nostrum rerum soluta non ipsum. Iusto est odit perferendis soluta eos laudantium ad assumenda. Possimus nulla quo consectetur consequatur accusantium quidem eum. Autem fugit est voluptate quasi ad.', 0, '2023-10-02 07:08:01', '2023-10-02 07:08:01'),
(240, 23, 'Elvera Rempel', 'Illo voluptas quis quasi distinctio dolor repudiandae non. Vel possimus reiciendis modi dolorem. Praesentium sint molestias enim eligendi sed molestiae.', 3, '2023-10-02 07:08:01', '2023-10-02 07:08:01'),
(241, 43, 'Mrs. Marietta Casper Sr.', 'Voluptatum ea facilis aut consequatur sit. Ratione hic omnis hic velit odio et. Non nihil voluptatibus voluptatibus atque.', 5, '2023-10-02 07:08:01', '2023-10-02 07:08:01'),
(242, 36, 'Brady Harber I', 'Vitae error alias possimus accusamus autem doloremque mollitia. Labore libero voluptatem ab optio id et laborum. Dolore ut aspernatur impedit temporibus. Architecto sequi est exercitationem velit tenetur dolor ipsum deleniti.', 4, '2023-10-02 07:08:01', '2023-10-02 07:08:01'),
(243, 29, 'Prof. Nicolette Johnston Sr.', 'Magni quaerat veniam ut asperiores. In qui nihil iure qui animi. Odit voluptatum quidem atque atque.', 1, '2023-10-02 07:08:01', '2023-10-02 07:08:01'),
(244, 47, 'Albin Schumm III', 'Ullam quo omnis quod omnis. Modi ea nihil expedita itaque. Fugiat veniam ut nesciunt minima quisquam et.', 2, '2023-10-02 07:08:01', '2023-10-02 07:08:01'),
(245, 71, 'Lowell Quigley', 'Eaque incidunt maiores vel officiis aut. Perferendis in voluptas consequuntur est. Ducimus non rerum et unde nihil et unde sed. In laborum blanditiis error aut.', 2, '2023-10-02 07:08:01', '2023-10-02 07:08:01'),
(246, 10, 'Casandra Batz', 'Molestiae voluptates ea veniam labore voluptatem dolorem fugiat. Laboriosam voluptatem est omnis totam. Itaque distinctio et porro et dolor eius iure vel. Ut molestiae autem et est necessitatibus molestias assumenda.', 3, '2023-10-02 07:08:01', '2023-10-02 07:08:01'),
(247, 13, 'Samson O\'Connell', 'Molestiae eum dolorem enim rerum unde aliquid sapiente. Aperiam et officia est dolores impedit tempora quis. Labore et autem delectus.', 1, '2023-10-02 07:08:01', '2023-10-02 07:08:01'),
(248, 65, 'Dessie Bergstrom', 'Sed eveniet soluta voluptatem mollitia. Quas qui magni qui consequatur corporis quia. Blanditiis dolor libero sit facilis aut. Cumque quidem delectus fuga cum doloribus aut suscipit exercitationem. Tempore minima vel dignissimos dolorum suscipit.', 5, '2023-10-02 07:08:01', '2023-10-02 07:08:01'),
(249, 32, 'Ryann Friesen', 'Beatae incidunt autem qui nostrum. Praesentium omnis quasi quis. Officia possimus quia ipsa facilis et. Libero non non ipsa et accusamus. Temporibus illum vitae rerum non.', 3, '2023-10-02 07:08:01', '2023-10-02 07:08:01'),
(250, 67, 'Cassie Rohan Jr.', 'Et voluptatem neque dolores sit sequi soluta. Nostrum ipsa tenetur qui perferendis voluptate provident accusamus. Vel minus occaecati tempora optio qui facilis perspiciatis.', 3, '2023-10-02 07:08:01', '2023-10-02 07:08:01'),
(251, 69, 'Emmanuel Durgan', 'Sed sed et repellendus voluptas ut velit temporibus. Sit enim harum minus. Debitis magni excepturi ex esse.', 4, '2023-10-02 07:08:01', '2023-10-02 07:08:01'),
(252, 16, 'Hildegard Erdman', 'Quisquam consequatur voluptatum officia voluptas. Mollitia earum culpa labore sit quidem laudantium architecto. Sit laboriosam quia et illo similique.', 1, '2023-10-02 07:08:01', '2023-10-02 07:08:01'),
(253, 26, 'Maggie Pfeffer', 'Quaerat natus sed delectus modi. Qui eum nisi commodi. Perferendis autem nihil ab voluptatem ea veritatis.', 1, '2023-10-02 07:08:01', '2023-10-02 07:08:01'),
(254, 82, 'Micaela Hoppe', 'Neque est aspernatur eum laudantium quo dicta molestiae. Reprehenderit et voluptatem voluptas. Nobis quam voluptas corrupti delectus excepturi et occaecati. Voluptatem impedit minus quasi maxime mollitia.', 1, '2023-10-02 07:08:01', '2023-10-02 07:08:01'),
(255, 75, 'Brown Wilkinson', 'Dignissimos fuga consequuntur harum ex. Non non nesciunt nam dolorem ex accusamus. Qui eos non consequatur eveniet doloremque eum eaque. Ut dolor illum suscipit vel.', 3, '2023-10-02 07:08:01', '2023-10-02 07:08:01'),
(256, 16, 'Yazmin Hayes', 'Fugiat dolor atque molestiae saepe voluptatum id. Voluptatum sapiente debitis sit. Enim neque dolores nesciunt molestiae eos esse. Sunt molestias odit harum eum.', 4, '2023-10-02 07:08:01', '2023-10-02 07:08:01'),
(257, 89, 'Jovany Schuppe Sr.', 'Id voluptatem doloremque et molestiae saepe ab. Tenetur quibusdam rerum nisi blanditiis eum quia. Illum voluptate nemo asperiores in sit natus. At quas unde et molestias sed aut eum debitis.', 5, '2023-10-02 07:08:01', '2023-10-02 07:08:01'),
(258, 33, 'Mr. Junius Murazik Sr.', 'Voluptates non non optio repellendus non hic ea qui. Doloribus consequatur in nesciunt ut qui sunt quae. Quidem fugiat neque soluta ut.', 3, '2023-10-02 07:08:01', '2023-10-02 07:08:01'),
(259, 16, 'Krystal Ratke', 'Asperiores doloremque et veniam fugiat et. Totam magni qui deleniti. Est sit similique cum. Molestiae ab in sapiente dicta quia quos assumenda.', 3, '2023-10-02 07:08:01', '2023-10-02 07:08:01'),
(260, 60, 'Dane Farrell', 'Voluptas velit qui reiciendis rerum molestiae sed. Minima corrupti deserunt voluptatum ut. Eum voluptatem officia quia architecto nesciunt nobis.', 0, '2023-10-02 07:08:01', '2023-10-02 07:08:01'),
(261, 94, 'Julien Wehner', 'Quibusdam quia esse et quasi optio aut. Voluptatem earum et in distinctio. Nobis in nulla similique inventore quia deleniti molestiae voluptate.', 0, '2023-10-02 07:08:01', '2023-10-02 07:08:01'),
(262, 6, 'Meaghan Treutel', 'Sunt natus facere accusantium dolorum consequatur est sunt aliquid. Inventore minus excepturi velit nihil consequatur iure. Placeat fugit expedita velit. Sed in ea dicta explicabo ipsam soluta non sed.', 4, '2023-10-02 07:08:01', '2023-10-02 07:08:01'),
(263, 53, 'Prof. Marjory Abbott', 'Minima expedita vel animi est provident voluptates. Quia odit perspiciatis sapiente. Saepe voluptatem rem et incidunt sunt sunt in.', 5, '2023-10-02 07:08:01', '2023-10-02 07:08:01'),
(264, 83, 'Rachael Rippin DVM', 'Quasi necessitatibus occaecati pariatur consectetur. Occaecati amet natus maxime aliquid perspiciatis iure et. Error ea commodi eum. Excepturi in voluptates sed aut. Qui aut fuga aspernatur dicta nihil non.', 2, '2023-10-02 07:08:01', '2023-10-02 07:08:01'),
(265, 87, 'Bernie Cartwright', 'Modi accusamus cumque dolores labore est saepe. Illo et consectetur facere fugiat eius quisquam.', 4, '2023-10-02 07:08:01', '2023-10-02 07:08:01'),
(266, 16, 'Mathew Bayer', 'Dolor ut reprehenderit veritatis non architecto officiis sequi. Sunt quam et et consequatur dolor sed commodi. Quia et saepe quibusdam nisi. Voluptatem eum et molestias et.', 5, '2023-10-02 07:08:01', '2023-10-02 07:08:01'),
(267, 50, 'Zelma Dickens', 'Laudantium iusto eius eius doloribus perspiciatis dolores eveniet. Et et sed ut officiis. Beatae a quo ullam facilis qui nemo illum.', 5, '2023-10-02 07:08:01', '2023-10-02 07:08:01'),
(268, 66, 'Shaun Walter', 'Voluptas velit voluptate molestiae numquam. Dolorem labore sunt dolorum voluptates repudiandae magni eos exercitationem. Adipisci rerum magnam nihil totam dolorem est omnis sed.', 4, '2023-10-02 07:08:01', '2023-10-02 07:08:01'),
(269, 44, 'Bell Koss', 'Modi sunt consequuntur non nostrum est libero est. Minima velit dicta repellat velit veniam necessitatibus laboriosam. Laboriosam aut ex vero.', 4, '2023-10-02 07:08:01', '2023-10-02 07:08:01'),
(270, 45, 'Mr. Camryn Quigley', 'Labore ex ut maiores quo ullam. Et ea voluptatibus incidunt totam. Id reprehenderit rem sit vero incidunt nihil incidunt.', 0, '2023-10-02 07:08:01', '2023-10-02 07:08:01'),
(271, 56, 'Kailee Bergstrom', 'In et consequatur quo placeat non qui. Consequuntur est voluptatem doloribus ipsam iure blanditiis incidunt. Aut eum sequi dolores.', 4, '2023-10-02 07:08:01', '2023-10-02 07:08:01'),
(272, 19, 'Manuela Ondricka', 'Nostrum eos omnis minus et. Nihil sapiente aliquid unde aperiam. Neque voluptate voluptatem fugiat.', 3, '2023-10-02 07:08:01', '2023-10-02 07:08:01'),
(273, 86, 'Westley Denesik', 'Veritatis molestiae natus nam aut voluptatem non. Id enim omnis blanditiis iusto est. Molestiae voluptatibus eum tempore adipisci exercitationem accusamus aut. Facere in eos omnis ullam beatae quia perspiciatis.', 3, '2023-10-02 07:08:01', '2023-10-02 07:08:01'),
(274, 7, 'Godfrey Kihn', 'Nihil est corrupti soluta sed maxime alias. Nisi molestias laboriosam facere consequuntur ut maiores aliquam. Id accusamus adipisci consequuntur expedita ad aliquam.', 2, '2023-10-02 07:08:01', '2023-10-02 07:08:01'),
(275, 100, 'Juvenal Dicki', 'Inventore iusto ad consectetur fuga neque numquam voluptatem. Quo ut sed fugiat. Necessitatibus voluptatem tempore aut nesciunt pariatur eius sed quia. Saepe id odit non minima corrupti vero odio.', 5, '2023-10-02 07:08:01', '2023-10-02 07:08:01'),
(276, 67, 'Jeffry Jaskolski V', 'Ut impedit fugiat velit. Praesentium nesciunt molestiae molestiae enim omnis consequuntur. Blanditiis dolorum quis cumque ullam dolorum.', 0, '2023-10-02 07:08:01', '2023-10-02 07:08:01'),
(277, 72, 'Dr. Flavio Kihn PhD', 'Quo facilis mollitia tenetur ad. Et placeat nam odit ratione veniam et vitae vel.', 1, '2023-10-02 07:08:01', '2023-10-02 07:08:01'),
(278, 13, 'Dr. Jaden Hammes I', 'Placeat et ullam omnis nesciunt et sit. Id quod et similique culpa. Sint omnis commodi laudantium aut molestias dolor at dolor.', 3, '2023-10-02 07:08:01', '2023-10-02 07:08:01'),
(279, 91, 'Zoe Kassulke', 'Commodi hic laborum eveniet ad quia harum sint temporibus. Voluptatum temporibus et et quam impedit reiciendis odit. Deserunt repudiandae qui voluptate placeat nihil aut sed aut.', 1, '2023-10-02 07:08:01', '2023-10-02 07:08:01'),
(280, 77, 'Ebba Mohr', 'Iure consequatur eaque consectetur adipisci et nesciunt est. Voluptatem nesciunt eos omnis sed non. Soluta iure aspernatur ut repudiandae.', 0, '2023-10-02 07:08:01', '2023-10-02 07:08:01'),
(281, 14, 'Carole Collins', 'Quia veritatis voluptatem vel autem. Repudiandae perspiciatis ipsum nobis error vitae. Et optio et laborum dicta aut sed eius. Quaerat mollitia aspernatur praesentium et neque quidem.', 1, '2023-10-02 07:08:01', '2023-10-02 07:08:01'),
(282, 52, 'Ms. Serenity Renner', 'Eos totam praesentium ipsam unde quasi esse occaecati inventore. Quo et praesentium ex. Deleniti qui aspernatur culpa consequatur aut illum. Eligendi sed incidunt et dolores.', 5, '2023-10-02 07:08:01', '2023-10-02 07:08:01'),
(283, 33, 'Kenya Murphy', 'Molestiae consectetur vero omnis molestiae rerum. Optio laboriosam sit nihil ratione reprehenderit harum earum. Natus pariatur et et labore fuga id ab possimus. Quidem minus minima tempore consectetur.', 0, '2023-10-02 07:08:01', '2023-10-02 07:08:01'),
(284, 91, 'Carissa McGlynn', 'Nulla ratione accusantium totam laudantium. Accusantium vel nesciunt nam sunt veniam. Impedit illum id inventore a quisquam commodi.', 4, '2023-10-02 07:08:01', '2023-10-02 07:08:01'),
(285, 89, 'Prof. Dax Lebsack', 'Cumque quis laudantium eos perspiciatis ipsa ut at. Sit asperiores quidem et veniam. Similique quam est facere deleniti totam aspernatur. Unde beatae ad tempore necessitatibus suscipit sunt consequatur minima.', 2, '2023-10-02 07:08:01', '2023-10-02 07:08:01'),
(286, 60, 'Eliza Cummerata', 'Doloremque quasi incidunt quos ducimus ut nisi rerum. Odit ipsum quisquam provident praesentium.', 3, '2023-10-02 07:08:01', '2023-10-02 07:08:01'),
(287, 38, 'Humberto Rowe', 'Nobis commodi vel esse modi voluptatibus ipsam. Corrupti non iusto inventore totam nobis. Cupiditate vero quo ut ad mollitia ab voluptatem odio.', 5, '2023-10-02 07:08:01', '2023-10-02 07:08:01'),
(288, 44, 'Gayle Rodriguez', 'Perspiciatis quo aliquam sequi aspernatur. Dolores eos minus delectus modi. Recusandae inventore unde sit voluptas. Sapiente aut impedit nam et ut commodi.', 1, '2023-10-02 07:08:01', '2023-10-02 07:08:01'),
(289, 52, 'Dr. Madaline Kuhlman Sr.', 'Odit recusandae aut veniam odit vero recusandae. Voluptates illum aliquid ipsa ut neque quos voluptatibus. In error praesentium vero minus. Dolor voluptatem facilis accusantium qui doloremque id minima.', 5, '2023-10-02 07:08:01', '2023-10-02 07:08:01'),
(290, 6, 'Dr. Aisha Schneider', 'Natus voluptatibus magni minima voluptatem consectetur dolorem quis. Cupiditate eos iure qui. Modi repudiandae accusamus omnis aut accusamus. Aut non fuga odit quo.', 2, '2023-10-02 07:08:01', '2023-10-02 07:08:01'),
(291, 40, 'Rene Weimann', 'Aut ut ipsa hic ipsum impedit tempore. Recusandae sunt aut neque voluptatem voluptatem. Libero at eius et qui.', 3, '2023-10-02 07:08:01', '2023-10-02 07:08:01'),
(292, 41, 'Isabella Ledner V', 'Error ea autem nostrum et dolorem placeat. Dignissimos ut numquam non dolores aliquam. Aut atque temporibus dignissimos blanditiis illo quia aut consequuntur. Error tempora voluptas expedita amet.', 1, '2023-10-02 07:08:01', '2023-10-02 07:08:01'),
(293, 82, 'Jean Schuppe', 'Enim qui non consequatur est enim. Unde odit repellat inventore veniam ut. Odit vitae ut ullam. Nihil nemo architecto ipsum eos.', 1, '2023-10-02 07:08:01', '2023-10-02 07:08:01'),
(294, 69, 'Ezra Ullrich', 'Harum quas nesciunt voluptatem dolor dolor eum amet. Ipsam recusandae quis nobis quo quam sapiente sequi. Accusantium et velit esse necessitatibus.', 4, '2023-10-02 07:08:01', '2023-10-02 07:08:01'),
(295, 67, 'Cortney Kunde V', 'Sint eaque ea neque vero ducimus sunt. Magnam quo nobis et minus amet. Dolor quia asperiores sed suscipit. Aut excepturi distinctio et molestias ducimus consectetur similique culpa.', 3, '2023-10-02 07:08:01', '2023-10-02 07:08:01'),
(296, 37, 'Zelda Mraz', 'Ad non optio ea. Quia dignissimos aut ea voluptatem asperiores. Quisquam amet optio eos et. Quis aliquam quis cupiditate quo.', 0, '2023-10-02 07:08:01', '2023-10-02 07:08:01'),
(297, 59, 'Mrs. Thora Nicolas DDS', 'Nisi odio excepturi sequi qui. Cum ex ut et minus. Quae ea pariatur accusamus. Consequuntur id optio quos facilis velit. Doloribus commodi natus tempora similique culpa maxime.', 3, '2023-10-02 07:08:01', '2023-10-02 07:08:01'),
(298, 1, 'Eliseo VonRueden', 'Ex similique in molestias architecto. Aliquid ad rerum et consectetur. Officia ratione doloremque accusamus harum inventore. Nostrum facere ratione dolorum non atque.', 5, '2023-10-02 07:08:01', '2023-10-02 07:08:01'),
(299, 60, 'Ms. Caterina Conn', 'Ducimus facere ea non ducimus inventore vero. Accusamus repellendus et sit itaque aut inventore magnam. Accusamus voluptas nihil nesciunt aut ullam at.', 1, '2023-10-02 07:08:01', '2023-10-02 07:08:01'),
(300, 34, 'Riley Bosco', 'Impedit error eos ut blanditiis culpa. Nihil cumque nulla qui eligendi. Incidunt qui enim omnis voluptate.', 2, '2023-10-02 07:08:01', '2023-10-02 07:08:01');

-- --------------------------------------------------------

--
-- Table structure for table `users`
--

CREATE TABLE `users` (
  `id` bigint(20) UNSIGNED NOT NULL,
  `name` varchar(255) NOT NULL,
  `email` varchar(255) NOT NULL,
  `email_verified_at` timestamp NULL DEFAULT NULL,
  `password` varchar(255) NOT NULL,
  `remember_token` varchar(100) DEFAULT NULL,
  `created_at` timestamp NULL DEFAULT NULL,
  `updated_at` timestamp NULL DEFAULT NULL
) ENGINE=InnoDB DEFAULT CHARSET=utf8mb4 COLLATE=utf8mb4_unicode_ci;

--
-- Indexes for dumped tables
--

--
-- Indexes for table `failed_jobs`
--
ALTER TABLE `failed_jobs`
  ADD PRIMARY KEY (`id`),
  ADD UNIQUE KEY `failed_jobs_uuid_unique` (`uuid`);

--
-- Indexes for table `migrations`
--
ALTER TABLE `migrations`
  ADD PRIMARY KEY (`id`);

--
-- Indexes for table `password_reset_tokens`
--
ALTER TABLE `password_reset_tokens`
  ADD PRIMARY KEY (`email`);

--
-- Indexes for table `personal_access_tokens`
--
ALTER TABLE `personal_access_tokens`
  ADD PRIMARY KEY (`id`),
  ADD UNIQUE KEY `personal_access_tokens_token_unique` (`token`),
  ADD KEY `personal_access_tokens_tokenable_type_tokenable_id_index` (`tokenable_type`,`tokenable_id`);

--
-- Indexes for table `products`
--
ALTER TABLE `products`
  ADD PRIMARY KEY (`id`);

--
-- Indexes for table `reviews`
--
ALTER TABLE `reviews`
  ADD PRIMARY KEY (`id`),
  ADD KEY `reviews_product_id_foreign` (`product_id`);

--
-- Indexes for table `users`
--
ALTER TABLE `users`
  ADD PRIMARY KEY (`id`),
  ADD UNIQUE KEY `users_email_unique` (`email`);

--
-- AUTO_INCREMENT for dumped tables
--

--
-- AUTO_INCREMENT for table `failed_jobs`
--
ALTER TABLE `failed_jobs`
  MODIFY `id` bigint(20) UNSIGNED NOT NULL AUTO_INCREMENT;

--
-- AUTO_INCREMENT for table `migrations`
--
ALTER TABLE `migrations`
  MODIFY `id` int(10) UNSIGNED NOT NULL AUTO_INCREMENT, AUTO_INCREMENT=7;

--
-- AUTO_INCREMENT for table `personal_access_tokens`
--
ALTER TABLE `personal_access_tokens`
  MODIFY `id` bigint(20) UNSIGNED NOT NULL AUTO_INCREMENT;

--
-- AUTO_INCREMENT for table `products`
--
ALTER TABLE `products`
  MODIFY `id` bigint(20) UNSIGNED NOT NULL AUTO_INCREMENT, AUTO_INCREMENT=101;

--
-- AUTO_INCREMENT for table `reviews`
--
ALTER TABLE `reviews`
  MODIFY `id` bigint(20) UNSIGNED NOT NULL AUTO_INCREMENT, AUTO_INCREMENT=301;

--
-- AUTO_INCREMENT for table `users`
--
ALTER TABLE `users`
  MODIFY `id` bigint(20) UNSIGNED NOT NULL AUTO_INCREMENT;

--
-- Constraints for dumped tables
--

--
-- Constraints for table `reviews`
--
ALTER TABLE `reviews`
  ADD CONSTRAINT `reviews_product_id_foreign` FOREIGN KEY (`product_id`) REFERENCES `products` (`id`) ON DELETE CASCADE;
COMMIT;

/*!40101 SET CHARACTER_SET_CLIENT=@OLD_CHARACTER_SET_CLIENT */;
/*!40101 SET CHARACTER_SET_RESULTS=@OLD_CHARACTER_SET_RESULTS */;
/*!40101 SET COLLATION_CONNECTION=@OLD_COLLATION_CONNECTION */;
